Date,ordinal,DTN_road,DTN_road_SE,DTN_road_UCI,DTN_road_LCI,burn_stat,burn_stat_SE,burn_stat_UCI,burn_stat_LCI,ndvi,ndvi_SE,ndvi_UCI,ndvi_LCI,DTN_bf,DTN_bf_SE,DTN_bf_UCI,DTN_bf_LCI,,,
1/1/2022,1,-0.800832808,0.033291147,-0.73558216,-0.866083456,-0.292336087,0.043840871,-0.20640798,-0.378264194,0.533861978,0.030911765,0.594449038,0.473274918,-0.108805706,0.029277488,-0.05142183,-0.166189582,,,
1/2/2022,2,-0.852061639,0.035211293,-0.783047504,-0.921075774,-0.232190696,0.04540981,-0.14318747,-0.321193923,0.552857662,0.032247439,0.616062643,0.489652681,-0.13932786,0.030193041,-0.080149501,-0.19850622,,,
1/3/2022,3,-0.831596733,0.035020585,-0.762956387,-0.90023708,-0.246043102,0.046070183,-0.155745544,-0.33634066,0.516120503,0.032058326,0.578954821,0.453286185,-0.137842783,0.030626027,-0.07781577,-0.197869795,,,
1/4/2022,4,-0.809881961,0.033862416,-0.743511627,-0.876252296,-0.240667487,0.044749282,-0.152958895,-0.328376079,0.528313996,0.031158589,0.58938483,0.467243163,-0.118642057,0.029254094,-0.061304032,-0.175980082,,,
1/5/2022,5,-0.809069664,0.033591147,-0.743231015,-0.874908313,-0.226126881,0.044354512,-0.139192039,-0.313061724,0.535618399,0.030923038,0.596227553,0.475009244,-0.122497121,0.02913343,-0.065395599,-0.179598644,,,
1/6/2022,6,-0.809069664,0.033591147,-0.743231015,-0.874908313,-0.226126881,0.044354512,-0.139192039,-0.313061724,0.535618399,0.030923038,0.596227553,0.475009244,-0.122497121,0.02913343,-0.065395599,-0.179598644,,,
1/7/2022,7,-0.822610809,0.033281871,-0.757378342,-0.887843275,-0.240403005,0.04372797,-0.154696184,-0.326109825,0.540745521,0.030513795,0.600552558,0.480938484,-0.117718211,0.028561431,-0.061737806,-0.173698617,,,
1/8/2022,8,-0.83536949,0.032521359,-0.771627627,-0.899111354,-0.260136816,0.042660629,-0.176521983,-0.34375165,0.535606032,0.029648903,0.593717881,0.477494183,-0.124948764,0.028198498,-0.069679708,-0.18021782,,,
1/9/2022,9,-0.824220445,0.031636399,-0.762213102,-0.886227787,-0.2441602,0.041613357,-0.16259802,-0.325722381,0.535870874,0.028986809,0.592685019,0.479056728,-0.109874356,0.027076395,-0.056804621,-0.16294409,,,
1/10/2022,10,-0.812436197,0.030784597,-0.752098386,-0.872774008,-0.250578148,0.040767224,-0.170674389,-0.330481908,0.53545567,0.028200319,0.590728295,0.480183045,-0.108850289,0.026551452,-0.056809443,-0.160891135,,,
1/11/2022,11,-0.802525258,0.030298192,-0.743140802,-0.861909715,-0.228663053,0.040278957,-0.149716297,-0.307609809,0.523150709,0.027692176,0.577427374,0.468874043,-0.103524164,0.026230997,-0.05211141,-0.154936918,,,
1/12/2022,12,-0.807581182,0.030516108,-0.74776961,-0.867392755,-0.219865131,0.040459983,-0.140563565,-0.299166697,0.515843935,0.027808281,0.570348166,0.461339704,-0.10368006,0.026245135,-0.052239595,-0.155120524,,,
1/13/2022,13,-0.81482195,0.03147183,-0.753137163,-0.876506738,-0.196843039,0.041575415,-0.115355225,-0.278330853,0.506170144,0.028440299,0.561913129,0.450427159,-0.091409261,0.027197817,-0.038101539,-0.144716983,,,
1/14/2022,14,-0.793959437,0.030648302,-0.733888766,-0.854030109,-0.191651231,0.040863674,-0.11155843,-0.271744032,0.499882395,0.027843128,0.554454925,0.445309864,-0.089849878,0.026837922,-0.037247552,-0.142452205,,,
1/15/2022,15,-0.808006473,0.030037211,-0.749133539,-0.866879406,-0.188707992,0.039837045,-0.110627383,-0.266788601,0.486587194,0.027142112,0.539785734,0.433388654,-0.09434914,0.026315643,-0.04277048,-0.1459278,,,
1/16/2022,16,-0.811677549,0.029392756,-0.754067748,-0.869287351,-0.199798015,0.039011893,-0.123334705,-0.276261325,0.498713206,0.026653602,0.550954267,0.446472145,-0.097643161,0.025553851,-0.047557613,-0.147728709,,,
1/17/2022,17,-0.823645023,0.029311996,-0.766193511,-0.881096534,-0.203041423,0.038723785,-0.127142803,-0.278940042,0.508828189,0.02644484,0.560660075,0.456996303,-0.094777406,0.025605172,-0.04459127,-0.144963543,,,
1/18/2022,18,-0.843164107,0.030053061,-0.784260106,-0.902068107,-0.184919207,0.039353457,-0.107786431,-0.262051983,0.520866505,0.0270305,0.573846285,0.467886725,-0.075702161,0.025600765,-0.025524663,-0.12587966,,,
1/19/2022,19,-0.844327653,0.030039854,-0.78544954,-0.903205766,-0.164546789,0.039361927,-0.087397413,-0.241696166,0.523142548,0.02700531,0.576072955,0.470212141,-0.067089101,0.025830523,-0.016461276,-0.117716926,,,
1/20/2022,20,-0.8552822,0.030423475,-0.795652188,-0.914912211,-0.190824878,0.039639158,-0.113132127,-0.268517628,0.541701827,0.027263927,0.595139123,0.488264531,-0.072152456,0.025756442,-0.02166983,-0.122635082,,,
1/21/2022,21,-0.846478042,0.030082533,-0.787516277,-0.905439806,-0.204778433,0.039316641,-0.127717816,-0.28183905,0.5401958,0.027128344,0.593367354,0.487024245,-0.073392501,0.02540579,-0.023597153,-0.123187849,,,
1/22/2022,22,-0.832133037,0.028997874,-0.775297204,-0.88896887,-0.212509029,0.03825008,-0.137538871,-0.287479186,0.52853004,0.026301375,0.580080734,0.476979345,-0.083243371,0.024938742,-0.034363437,-0.132123306,,,
1/23/2022,23,-0.829222715,0.028792981,-0.772788471,-0.885656959,-0.199895015,0.038108022,-0.125203292,-0.274586737,0.525988533,0.02617039,0.577282497,0.47469457,-0.067231459,0.024459027,-0.019291767,-0.115171152,,,
1/24/2022,24,-0.83306711,0.028738241,-0.776740158,-0.889394062,-0.181640475,0.038021684,-0.107117975,-0.256162974,0.528670807,0.026100806,0.579828387,0.477513227,-0.072213163,0.024433173,-0.024324145,-0.120102181,,,
1/25/2022,25,-0.845855778,0.02899797,-0.789019756,-0.902691799,-0.173159851,0.038129087,-0.098426841,-0.247892862,0.518408266,0.026127187,0.569617552,0.46719898,-0.065513543,0.024594018,-0.017309268,-0.113717817,,,
1/26/2022,26,-0.841440795,0.029563996,-0.783495362,-0.899386228,-0.16180709,0.038949411,-0.085466244,-0.238147935,0.524927844,0.026709383,0.577278235,0.472577453,-0.066271273,0.025169033,-0.016939968,-0.115602579,,,
1/27/2022,27,-0.844555445,0.030069473,-0.785619277,-0.903491613,-0.185040162,0.039570491,-0.107482,-0.262598323,0.511787456,0.027068313,0.56484135,0.458733562,-0.073893041,0.025428991,-0.024052218,-0.123733864,,,
1/28/2022,28,-0.840330723,0.030179502,-0.781178898,-0.899482548,-0.191023997,0.039797942,-0.11302003,-0.269027964,0.518059864,0.02725497,0.571479605,0.464640124,-0.077440724,0.02576819,-0.026935072,-0.127946376,,,
1/29/2022,29,-0.807877535,0.029425853,-0.750202863,-0.865552206,-0.197238791,0.039163969,-0.120477411,-0.27400017,0.503679601,0.026758132,0.556125539,0.451233662,-0.100249935,0.025610375,-0.0500536,-0.150446271,,,
1/30/2022,30,-0.809508586,0.029206182,-0.752264469,-0.866752702,-0.186080884,0.038944124,-0.109750402,-0.262411367,0.496294523,0.02660531,0.54844093,0.444148116,-0.088836169,0.025272189,-0.039302678,-0.13836966,,,
1/31/2022,31,-0.822478758,0.029315232,-0.765020903,-0.879936613,-0.190279351,0.03873306,-0.114362554,-0.266196148,0.490139834,0.026529904,0.542138445,0.438141223,-0.103569694,0.025196882,-0.054183805,-0.152955583,,,
2/1/2022,32,-0.822437344,0.0294146,-0.764784728,-0.88008996,-0.1592147,0.038812793,-0.083141625,-0.235287775,0.472650519,0.026515027,0.524619971,0.420681067,-0.084607163,0.025165244,-0.035283285,-0.133931041,,,
2/2/2022,33,-0.830449511,0.03031617,-0.771029818,-0.889869205,-0.132580825,0.039791035,-0.054590397,-0.210571254,0.472913774,0.027245887,0.526315712,0.419511837,-0.081092173,0.025801561,-0.030521112,-0.131663233,,,
2/3/2022,34,-0.837733184,0.031096441,-0.77678416,-0.898682208,-0.139300828,0.040821037,-0.059291595,-0.219310061,0.462067413,0.027829913,0.516614043,0.407520784,-0.085546403,0.026673479,-0.033266384,-0.137826423,,,
2/4/2022,35,-0.850395517,0.031049459,-0.789538577,-0.911252457,-0.141010562,0.040429622,-0.061768503,-0.220252622,0.456536789,0.027653953,0.510738536,0.402335041,-0.079502567,0.026342227,-0.027871802,-0.131133332,,,
2/5/2022,36,-0.843884066,0.03050346,-0.784097285,-0.903670847,-0.152191092,0.03971352,-0.074352592,-0.230029592,0.469845807,0.027281616,0.523317775,0.416373839,-0.091912398,0.025938408,-0.041073119,-0.142751677,,,
2/6/2022,37,-0.844685732,0.030023158,-0.785840342,-0.903531122,-0.131841157,0.039069469,-0.055264998,-0.208417316,0.461215644,0.026808918,0.513761124,0.408670165,-0.085418794,0.025661954,-0.035121363,-0.135716224,,,
2/7/2022,38,-0.826151589,0.030073677,-0.767207181,-0.885095997,-0.128406193,0.039326653,-0.051325954,-0.205486432,0.468875256,0.02703038,0.521854801,0.41589571,-0.079569607,0.025578771,-0.029435216,-0.129703999,,,
2/8/2022,39,-0.839891521,0.030242066,-0.780617072,-0.899165971,-0.147749637,0.039362285,-0.070599559,-0.224899714,0.474986589,0.027007279,0.527920855,0.422052323,-0.080997736,0.025921077,-0.030192426,-0.131803046,,,
2/9/2022,40,-0.833178819,0.030950988,-0.772514883,-0.893842756,-0.162569393,0.040471616,-0.083245026,-0.24189376,0.479309035,0.027748039,0.533695191,0.424922879,-0.078466212,0.026567314,-0.026394276,-0.130538147,,,
2/10/2022,41,-0.845431285,0.03163891,-0.783419022,-0.907443549,-0.2020847,0.041310464,-0.121116191,-0.283053208,0.490635865,0.028490926,0.546478081,0.434793649,-0.079476999,0.027264282,-0.026039007,-0.132914992,,,
2/11/2022,42,-0.846536729,0.031592038,-0.784616334,-0.908457123,-0.198308819,0.04122665,-0.117504584,-0.279113054,0.48793021,0.028549655,0.543887534,0.431972885,-0.090575994,0.027115043,-0.03743051,-0.143721478,,,
2/12/2022,43,-0.840821622,0.030926649,-0.780205391,-0.901437854,-0.21307174,0.040485014,-0.133721113,-0.292422367,0.483530585,0.027980941,0.53837323,0.42868794,-0.098877971,0.026814841,-0.046320883,-0.151435059,,,
2/13/2022,44,-0.859965516,0.03091305,-0.799375938,-0.920555094,-0.228244012,0.040086609,-0.149674259,-0.306813766,0.489996204,0.027783271,0.544451415,0.435540993,-0.09462312,0.026164079,-0.043341524,-0.145904716,,,
2/14/2022,45,-0.846512648,0.031096404,-0.785563696,-0.9074616,-0.218746272,0.040498962,-0.139368306,-0.298124237,0.509919581,0.028062331,0.564921751,0.454917412,-0.093547312,0.026332684,-0.041935251,-0.145159372,,,
2/15/2022,46,-0.831175382,0.031772827,-0.768900642,-0.893450122,-0.222393302,0.041532751,-0.140989111,-0.303797493,0.508146543,0.028685399,0.564369924,0.451923161,-0.090912322,0.027188424,-0.03762301,-0.144201633,,,
2/16/2022,47,-0.809452032,0.032002555,-0.746727023,-0.872177041,-0.211861624,0.042258957,-0.129034067,-0.29468918,0.506439588,0.029131962,0.563538233,0.449340942,-0.081764868,0.027703885,-0.027465253,-0.136064483,,,
2/17/2022,48,-0.815491451,0.031821483,-0.753121344,-0.877861558,-0.206682868,0.041812843,-0.124729696,-0.28863604,0.496590412,0.02888253,0.553200171,0.439980653,-0.083331016,0.027547665,-0.029337592,-0.13732444,,,
2/18/2022,49,-0.791271948,0.031421796,-0.729685227,-0.852858669,-0.221428528,0.04173931,-0.139619481,-0.303237574,0.491675154,0.028876975,0.548274025,0.435076284,-0.098215256,0.027489481,-0.044335874,-0.152094639,,,
2/19/2022,50,-0.77413455,0.031497211,-0.712400016,-0.835869084,-0.228043815,0.042189918,-0.145351577,-0.310736053,0.486352932,0.02910734,0.543403319,0.429302545,-0.093829273,0.027855319,-0.039232849,-0.148425698,,,
2/20/2022,51,-0.784418947,0.031514798,-0.722649942,-0.846187951,-0.234536159,0.042059331,-0.152099871,-0.316972447,0.493679021,0.029025343,0.550568694,0.436789349,-0.093208837,0.027772303,-0.038775123,-0.147642552,,,
2/21/2022,52,-0.810616352,0.032522003,-0.746873227,-0.874359477,-0.216574658,0.042736581,-0.132810959,-0.300338357,0.503314393,0.029603779,0.5613378,0.445290987,-0.079927541,0.027858345,-0.025325185,-0.134529897,,,
2/22/2022,53,-0.823539658,0.033133928,-0.758597159,-0.888482157,-0.219225811,0.04323014,-0.134494737,-0.303956884,0.518420279,0.030200386,0.577613036,0.459227522,-0.094331193,0.028271224,-0.038919594,-0.149742792,,,
2/23/2022,54,-0.820110729,0.033706206,-0.754046566,-0.886174893,-0.21168071,0.043919665,-0.125598167,-0.297763253,0.504057695,0.030632731,0.564097847,0.444017543,-0.092271904,0.028843997,-0.035737671,-0.148806138,,,
2/24/2022,55,-0.816285806,0.034270861,-0.749114918,-0.883456694,-0.236805836,0.044767053,-0.149062412,-0.324549259,0.49896966,0.031095745,0.55991732,0.438022,-0.084958957,0.029037811,-0.028044848,-0.141873067,,,
2/25/2022,56,-0.816127241,0.033876565,-0.749729174,-0.882525309,-0.206747999,0.044282128,-0.119955029,-0.29354097,0.49154001,0.030745125,0.551800456,0.431279565,-0.095688001,0.029002882,-0.038842353,-0.152533649,,,
2/26/2022,57,-0.807681389,0.033533198,-0.741956322,-0.873406457,-0.195000687,0.044077402,-0.108608979,-0.281392394,0.486673643,0.030731544,0.546907468,0.426439817,-0.0894239,0.028615048,-0.033338406,-0.145509393,,,
2/27/2022,58,-0.809529382,0.033237501,-0.74438388,-0.874674883,-0.194324482,0.043665229,-0.108740633,-0.279908331,0.492559845,0.030411573,0.552166528,0.432953162,-0.087687208,0.028393633,-0.032035687,-0.143338728,,,
2/28/2022,59,-0.834852113,0.034254091,-0.767714095,-0.90199013,-0.172661412,0.044721288,-0.085007687,-0.260315137,0.510877634,0.031312737,0.572250598,0.44950467,-0.070018624,0.028813147,-0.013544857,-0.126492392,,,
3/1/2022,60,-0.83697614,0.035184153,-0.768015199,-0.905937081,-0.153869693,0.045694016,-0.064309422,-0.243429965,0.511331305,0.031967277,0.573987168,0.448675443,-0.085764861,0.029654242,-0.027642547,-0.143887176,,,
3/2/2022,61,-0.849652222,0.036679458,-0.777760484,-0.92154396,-0.14477108,0.04751736,-0.051637055,-0.237905105,0.517182283,0.033260675,0.582373205,0.451991361,-0.065814289,0.03033643,-0.006354887,-0.125273691,,,
3/3/2022,62,-0.869369268,0.037913578,-0.795058655,-0.943679881,-0.180754479,0.048824223,-0.085059002,-0.276449956,0.530108954,0.034202597,0.597146044,0.463071864,-0.070694179,0.031615354,-0.008728085,-0.132660274,,,
3/4/2022,63,-0.869914099,0.038268961,-0.794906936,-0.944921263,-0.193076423,0.049320285,-0.096408665,-0.289744181,0.541132625,0.034660926,0.609068039,0.47319721,-0.07706364,0.031802801,-0.014730151,-0.139397129,,,
3/5/2022,64,-0.867916853,0.038497717,-0.792461327,-0.943372379,-0.180138609,0.049549642,-0.083021311,-0.277255906,0.535651283,0.034785888,0.603831624,0.467470941,-0.081994588,0.032070096,-0.0191372,-0.144851976,,-0.432380211,
3/6/2022,65,-0.846850003,0.038447469,-0.771492963,-0.922207043,-0.185678207,0.050045547,-0.087588936,-0.283767479,0.533478632,0.034864172,0.601812409,0.465144856,-0.091342394,0.032473121,-0.027695076,-0.154989711,,,
3/7/2022,66,-0.844481887,0.038165118,-0.769678255,-0.919285519,-0.119689499,0.049886955,-0.021911068,-0.217467931,0.509699376,0.034421483,0.577165483,0.442233268,-0.077444393,0.03259511,-0.013557978,-0.141330808,,,
3/8/2022,67,-0.829052428,0.03919285,-0.752234442,-0.905870414,-0.097656193,0.051518786,0.003320629,-0.198633014,0.514945734,0.035636833,0.584793926,0.445097542,-0.10102666,0.033876356,-0.034629002,-0.167424319,,,
3/9/2022,68,-0.850943937,0.040319651,-0.771917421,-0.929970453,-0.054237388,0.05263667,0.048930485,-0.15740526,0.503981921,0.036399351,0.57532465,0.432639193,-0.086458561,0.034233829,-0.019360256,-0.153556865,,,
3/10/2022,69,-0.845813787,0.040437798,-0.766555703,-0.925071872,0.055653761,0.052524769,0.158602308,-0.047294786,0.470116296,0.036594628,0.541841766,0.398390826,-0.113877656,0.034163121,-0.046917939,-0.180837374,,,
3/11/2022,70,-0.843233042,0.038937326,-0.766915883,-0.919550202,0.159373438,0.05035657,0.258072316,0.060674561,0.458368742,0.034993906,0.526956798,0.389780686,-0.10257269,0.032771012,-0.038341506,-0.166803873,,,
3/12/2022,71,-0.828756668,0.037522466,-0.755212635,-0.902300702,0.290973567,0.048949033,0.386913671,0.195033463,0.448099357,0.033722211,0.514194891,0.382003823,-0.082387329,0.031973947,-0.019718393,-0.145056264,,,
3/13/2022,72,-0.815493726,0.037903872,-0.741202136,-0.889785316,0.306060096,0.049779567,0.403628048,0.208492144,0.442856981,0.034021359,0.509538843,0.376175118,-0.081853906,0.032563289,-0.018029859,-0.145677952,,,
3/14/2022,73,-0.840381001,0.038302099,-0.765308887,-0.915453115,0.416089217,0.050034669,0.514157169,0.318021266,0.449709334,0.034612121,0.51754909,0.381869577,-0.07502911,0.032159223,-0.011997034,-0.138061186,,,
3/15/2022,74,-0.846957067,0.040059471,-0.768440504,-0.92547363,0.493237168,0.05257536,0.596284874,0.390189463,0.44857894,0.036338721,0.519802833,0.377355048,-0.079702519,0.034213213,-0.012644621,-0.146760418,,,
3/16/2022,75,-0.837493239,0.040314162,-0.758477482,-0.916508996,0.4973176,0.053264537,0.601716092,0.392919109,0.439354209,0.036545794,0.510983965,0.367724454,-0.079350418,0.034691469,-0.01135514,-0.147345697,,,
3/17/2022,76,-0.805638871,0.038405997,-0.730363116,-0.880914625,0.422913222,0.051345734,0.52355086,0.322275584,0.425875725,0.035361525,0.495184314,0.356567135,-0.108100019,0.033390674,-0.042654297,-0.17354574,,,
3/18/2022,77,-0.789641716,0.036877186,-0.717362432,-0.861921,0.293026099,0.049222355,0.389501914,0.196550284,0.428416313,0.034043351,0.495141281,0.361691344,-0.117980803,0.032333584,-0.054606978,-0.181354629,,,
3/19/2022,78,-0.777194733,0.037284208,-0.704117685,-0.850271782,0.283372462,0.050146242,0.381659097,0.185085828,0.433579158,0.034742514,0.501674485,0.365483832,-0.125617381,0.033040267,-0.060858457,-0.190376305,,,
3/20/2022,79,-0.780775981,0.035950864,-0.710312287,-0.851239674,0.202904577,0.048330345,0.297632054,0.1081771,0.45734104,0.033563544,0.523125587,0.391556493,-0.106091747,0.032170421,-0.043037723,-0.169145772,,,
3/21/2022,80,-0.760195137,0.03372384,-0.69409641,-0.826293863,0.098621518,0.045775032,0.18834058,0.008902456,0.473755935,0.032003115,0.536482041,0.411029828,-0.118124818,0.030507107,-0.058330889,-0.177918746,,,
3/22/2022,81,-0.757555882,0.033984545,-0.690946174,-0.82416559,0.08121301,0.046113665,0.171595794,-0.009169773,0.468965601,0.032060914,0.531804992,0.40612621,-0.114559254,0.030706943,-0.054373645,-0.174744862,,,
3/23/2022,82,-0.741627795,0.033688036,-0.675599245,-0.807656345,0.055952299,0.04614197,0.14639056,-0.034485961,0.48417651,0.032228093,0.547343572,0.421009448,-0.124747495,0.030659412,-0.064655047,-0.184839943,,,
3/24/2022,83,-0.712422123,0.032471932,-0.648777137,-0.77606711,-0.001379173,0.044984876,0.086791184,-0.08954953,0.474222529,0.031272253,0.535516144,0.412928914,-0.1230969,0.030140073,-0.064022358,-0.182171443,,,
3/25/2022,84,-0.709264353,0.031626216,-0.647276969,-0.771251737,-0.084042601,0.044139371,0.002470567,-0.170555769,0.469514968,0.030511763,0.529318023,0.409711913,-0.121921746,0.029184868,-0.064719406,-0.179124086,,,
3/26/2022,85,-0.685911627,0.030771464,-0.625599557,-0.746223697,-0.121217092,0.043548437,-0.035862156,-0.206572028,0.464239903,0.029946758,0.522935549,0.405544258,-0.136935287,0.028657273,-0.080767032,-0.193103542,,,
3/27/2022,86,-0.676093262,0.031101327,-0.615134661,-0.737051864,-0.161030923,0.044202236,-0.074394541,-0.247667306,0.478938964,0.03033064,0.53838702,0.419490909,-0.138005942,0.029137559,-0.080896326,-0.195115558,,,
3/28/2022,87,-0.661595875,0.030214471,-0.602375511,-0.720816238,-0.230538094,0.043485639,-0.145306242,-0.315769946,0.492460049,0.029488966,0.550258422,0.434661676,-0.153960567,0.029009286,-0.097102366,-0.210818768,,,
3/29/2022,88,-0.655075213,0.030088851,-0.596101065,-0.714049361,-0.250919155,0.043561808,-0.165538013,-0.336300298,0.486680195,0.029401579,0.54430729,0.4290531,-0.155619576,0.028986127,-0.098806768,-0.212432384,,,
3/30/2022,89,-0.649719155,0.029835973,-0.591240648,-0.708197661,-0.264809867,0.043377212,-0.179790532,-0.349829202,0.491317218,0.029309409,0.54876366,0.433870776,-0.147883053,0.028609872,-0.091807704,-0.203958401,,,
3/31/2022,90,-0.639487007,0.028968584,-0.582708582,-0.696265431,-0.324906042,0.042463373,-0.24167783,-0.408134253,0.494764718,0.02863936,0.550897864,0.438631573,-0.157047001,0.028162754,-0.101848003,-0.212246,,,
4/1/2022,91,-0.629850618,0.02800577,-0.574959308,-0.684741929,-0.366129835,0.041674524,-0.284447768,-0.447811902,0.482131256,0.027745706,0.53651284,0.427749672,-0.156280939,0.027578989,-0.10222612,-0.210335758,,,
4/2/2022,92,-0.626936122,0.027400076,-0.573231973,-0.68064027,-0.410161585,0.041097057,-0.329611353,-0.490711818,0.481864722,0.027168114,0.535114225,0.428615219,-0.159484348,0.027036912,-0.106492001,-0.212476695,,,
4/3/2022,93,-0.620455461,0.026602664,-0.56831424,-0.672596682,-0.451430102,0.040383621,-0.372278204,-0.530582,0.493486596,0.026486271,0.545399686,0.441573505,-0.163211729,0.026394061,-0.111479371,-0.214944088,,,
4/4/2022,94,-0.618247046,0.02570835,-0.56785868,-0.668635412,-0.475917439,0.039296585,-0.398896133,-0.552938744,0.497725507,0.025594786,0.547891288,0.447559725,-0.162184019,0.025715792,-0.111781066,-0.212586971,,,
4/5/2022,95,-0.618399943,0.025764375,-0.567901769,-0.668898118,-0.49848742,0.039573129,-0.420924087,-0.576050753,0.497754147,0.025749315,0.548222804,0.44728549,-0.162234303,0.025819769,-0.111627556,-0.21284105,,,
4/6/2022,96,-0.617736438,0.026054291,-0.566670028,-0.668802847,-0.552484435,0.040345914,-0.473406444,-0.631562425,0.50249191,0.026109634,0.553666792,0.451317027,-0.164903474,0.026073224,-0.113799955,-0.216006992,,,
4/7/2022,97,-0.62106587,0.025585936,-0.570917436,-0.671214304,-0.622736295,0.039854167,-0.544622127,-0.700850463,0.504691191,0.02554077,0.5547511,0.454631281,-0.157478803,0.025487807,-0.107522702,-0.207434904,,,
4/8/2022,98,-0.619296858,0.025086559,-0.570127202,-0.668466515,-0.667565609,0.039329829,-0.590479144,-0.744652074,0.503439786,0.025119593,0.552674188,0.454205385,-0.167637019,0.02514727,-0.11834837,-0.216925668,,,
4/9/2022,99,-0.621914896,0.02505901,-0.572799237,-0.671030555,-0.768235572,0.039955528,-0.689922736,-0.846548407,0.51992144,0.025112723,0.569142377,0.470700502,-0.178164335,0.025365086,-0.128448766,-0.227879904,,,
4/10/2022,100,-0.620828424,0.024866091,-0.572090885,-0.669565964,-0.926222781,0.041062251,-0.845740769,-1.006704793,0.514955867,0.024955343,0.563868339,0.466043395,-0.197793984,0.025654709,-0.147510756,-0.248077213,,,
4/11/2022,101,-0.6270302,0.02491418,-0.578198407,-0.675861992,-1.096964796,0.042387381,-1.013885528,-1.180044063,0.537060364,0.025097865,0.586252179,0.48786855,-0.218164885,0.025793834,-0.167608971,-0.268720798,,,
4/12/2022,102,-0.628256609,0.024730033,-0.579785744,-0.676727474,-1.086031669,0.041858562,-1.003988888,-1.168074451,0.53974656,0.02486771,0.588487271,0.491005849,-0.219085608,0.025502473,-0.16910076,-0.269070455,,,
4/13/2022,103,-0.616218773,0.024769495,-0.567670563,-0.664766983,-1.21440456,0.04332017,-1.129497027,-1.299312092,0.540457367,0.024815539,0.589095824,0.49181891,-0.223722741,0.025863436,-0.173030407,-0.274415076,,,
4/14/2022,104,-0.617303855,0.024229592,-0.569813854,-0.664793856,-1.208932803,0.042547149,-1.125540391,-1.292325216,0.543452555,0.02445758,0.591389412,0.495515698,-0.228972667,0.025287499,-0.179409169,-0.278536166,,,
4/15/2022,105,-0.624238484,0.024138869,-0.576926301,-0.671550668,-1.215507057,0.042312916,-1.132573742,-1.298440372,0.542451825,0.024376011,0.590228806,0.494674843,-0.234730799,0.025035249,-0.185661711,-0.283799888,,,
4/16/2022,106,-0.627659962,0.024285902,-0.580059594,-0.675260331,-1.226725082,0.042346033,-1.143726857,-1.309723307,0.554348404,0.024425039,0.602221479,0.506475328,-0.228016061,0.02527956,-0.178468123,-0.277563999,,,
4/17/2022,107,-0.616535765,0.024098669,-0.569302375,-0.663769156,-1.207587954,0.042057695,-1.125154872,-1.290021036,0.548985111,0.024223658,0.596463481,0.50150674,-0.238730653,0.025257229,-0.189226484,-0.288234823,,,
4/18/2022,108,-0.613613041,0.023543671,-0.567467446,-0.659758637,-1.186580577,0.04102591,-1.106169793,-1.266991361,0.54394117,0.023617248,0.590230975,0.497651365,-0.235604612,0.024691081,-0.187210094,-0.283999131,,,
4/19/2022,109,-0.61101545,0.023742516,-0.564480119,-0.657550782,-1.202305727,0.041599601,-1.12077051,-1.283840945,0.520831791,0.023701587,0.567286901,0.47437668,-0.246135517,0.024787412,-0.197552189,-0.294718845,,,
4/20/2022,110,-0.610941549,0.024269522,-0.563373286,-0.658509812,-1.196644406,0.042387222,-1.11356545,-1.279723362,0.518546392,0.024157255,0.565894612,0.471198171,-0.25143743,0.025354942,-0.201741744,-0.301133116,,,
4/21/2022,111,-0.601289166,0.023959965,-0.554327635,-0.648250697,-1.176173851,0.041888007,-1.094073359,-1.258274344,0.519436602,0.023911327,0.566302802,0.472570402,-0.249143674,0.025130169,-0.199888542,-0.298398805,,,
4/22/2022,112,-0.595192758,0.023895264,-0.548358041,-0.642027475,-1.193272972,0.0420045,-1.110944152,-1.275601792,0.514379219,0.023827681,0.561081473,0.467676964,-0.247828412,0.025101778,-0.198628927,-0.297027896,,,
4/23/2022,113,-0.587987427,0.023975696,-0.540995063,-0.634979792,-1.193780464,0.042378453,-1.110718696,-1.276842233,0.513686066,0.023956573,0.56064095,0.466731182,-0.25413968,0.025457311,-0.204243352,-0.304036009,,,
4/24/2022,114,-0.577630114,0.023838444,-0.530906763,-0.624353465,-1.151206572,0.041580945,-1.069707919,-1.232705224,0.522885292,0.023925957,0.569780168,0.475990416,-0.274286237,0.025498794,-0.224308601,-0.324263873,,,
4/25/2022,115,-0.57949235,0.023605035,-0.533226481,-0.625758219,-1.144055954,0.041053392,-1.063591306,-1.224520603,0.528740495,0.023586456,0.57496995,0.482511041,-0.271865977,0.025139908,-0.222591757,-0.321140196,,,
4/26/2022,116,-0.583217027,0.023349531,-0.537451946,-0.628982108,-1.127272323,0.040350056,-1.048186212,-1.206358433,0.528201411,0.023303362,0.573876001,0.482526821,-0.274608058,0.024692162,-0.226211419,-0.323004696,,,
4/27/2022,117,-0.582783038,0.023698293,-0.536334383,-0.629231693,-1.102850485,0.040827557,-1.022828472,-1.182872497,0.526689225,0.023642242,0.573028019,0.48035043,-0.268792993,0.024781803,-0.22022066,-0.317365327,,,
4/28/2022,118,-0.579689528,0.023729623,-0.533179467,-0.626199589,-1.096035137,0.040863922,-1.015941851,-1.176128423,0.52622515,0.02371296,0.572702552,0.479747748,-0.270145222,0.024894938,-0.221351143,-0.318939301,,,
4/29/2022,119,-0.582748289,0.023968231,-0.535770555,-0.629726022,-1.102584315,0.041181124,-1.021869312,-1.183299317,0.526633511,0.023865283,0.573409465,0.479857558,-0.274697825,0.025198417,-0.225308928,-0.324086723,,,
4/30/2022,120,-0.580121173,0.024307347,-0.532478772,-0.627763574,-1.093936865,0.041882193,-1.011847767,-1.176025963,0.528012356,0.0241912,0.575427108,0.480597605,-0.272815219,0.025653685,-0.222533996,-0.323096441,,,
5/1/2022,121,-0.578166386,0.024621633,-0.529907985,-0.626424787,-1.092788249,0.042065756,-1.010339368,-1.17523713,0.542514687,0.024509056,0.590552437,0.494476937,-0.289931173,0.026040416,-0.238891957,-0.340970389,,,
5/2/2022,122,-0.579964448,0.024806183,-0.531344329,-0.628584566,-1.054583477,0.041976071,-0.972310378,-1.136856577,0.547224691,0.024733859,0.595703054,0.498746327,-0.290512688,0.026263333,-0.239036555,-0.341988822,,,
5/3/2022,123,-0.583171237,0.025311446,-0.533560802,-0.632781672,-1.031176743,0.042292394,-0.948283651,-1.114069835,0.537182342,0.025106027,0.586390154,0.48797453,-0.300161193,0.026772317,-0.247687451,-0.352634935,,,
5/4/2022,124,-0.58559097,0.026110429,-0.534414529,-0.636767411,-1.039453437,0.043490275,-0.954212497,-1.124694376,0.536804716,0.025887223,0.587543672,0.486065759,-0.305616431,0.027427541,-0.251858451,-0.359374411,,,
5/5/2022,125,-0.585083422,0.026066402,-0.533993273,-0.63617357,-1.029841217,0.043327526,-0.944919265,-1.114763168,0.539847656,0.025828463,0.590471443,0.489223868,-0.296644276,0.02736925,-0.243000547,-0.350288005,,,
5/6/2022,126,-0.587953229,0.02617128,-0.53665752,-0.639248939,-1.015188274,0.043422353,-0.930080462,-1.100296087,0.538516492,0.025950453,0.589379379,0.487653604,-0.295954463,0.02739927,-0.242251893,-0.349657032,,,
5/7/2022,127,-0.578223547,0.026571117,-0.526144158,-0.630302936,-0.979496985,0.043963296,-0.893328926,-1.065665045,0.547468107,0.026489752,0.59938802,0.495548194,-0.301763255,0.028030106,-0.246824246,-0.356702263,,,
5/8/2022,128,-0.592949502,0.026898618,-0.540228211,-0.645670793,-0.945942788,0.043805101,-0.860084791,-1.031800785,0.546319125,0.026620068,0.598494458,0.494143793,-0.288261061,0.02795316,-0.233472868,-0.343049254,,,
5/9/2022,129,-0.580223981,0.027009347,-0.527285662,-0.633162301,-0.929412076,0.044180234,-0.842818817,-1.016005334,0.541148843,0.02678851,0.593654323,0.488643363,-0.273588775,0.028252991,-0.218212913,-0.328964637,,,
5/10/2022,130,-0.593891123,0.027849578,-0.53930595,-0.648476296,-0.894988137,0.044856757,-0.807068894,-0.98290738,0.571813235,0.027831613,0.626363197,0.517263273,-0.263609723,0.028718055,-0.207322335,-0.319897111,,,
5/11/2022,131,-0.588552242,0.028284269,-0.533115073,-0.64398941,-0.853244904,0.045438143,-0.764186144,-0.942303664,0.560749194,0.028286665,0.616191058,0.505307331,-0.26171939,0.028925633,-0.20502515,-0.318413631,,,
5/12/2022,132,-0.58662118,0.028625879,-0.530514457,-0.642727903,-0.859411614,0.046140273,-0.768976678,-0.949846549,0.558053002,0.028697358,0.614299823,0.501806181,-0.256018672,0.029354199,-0.198484442,-0.313552902,,,
5/13/2022,133,-0.584511374,0.028869015,-0.527928104,-0.641094643,-0.834310486,0.046523884,-0.743123673,-0.9254973,0.563549741,0.029142576,0.620669191,0.506430291,-0.251067086,0.029697451,-0.192860083,-0.309274089,,,
5/14/2022,134,-0.583415716,0.02940765,-0.525776722,-0.641054709,-0.814818511,0.04681748,-0.72305625,-0.906580772,0.550388375,0.029244542,0.607707678,0.493069072,-0.240224869,0.030211785,-0.181009771,-0.299439967,,,
5/15/2022,135,-0.56688522,0.029463581,-0.509136601,-0.624633839,-0.810274477,0.047341628,-0.717484886,-0.903064067,0.551704442,0.02947449,0.609474444,0.493934441,-0.227002696,0.030535039,-0.167154019,-0.286851373,,,
5/16/2022,136,-0.557403895,0.029448859,-0.499684131,-0.61512366,-0.748488676,0.046961836,-0.656443477,-0.840533874,0.539087681,0.02941895,0.596748823,0.481426539,-0.231222815,0.030467599,-0.17150632,-0.29093931,,,
5/17/2022,137,-0.569294883,0.030106467,-0.510286208,-0.628303558,-0.723145863,0.047638494,-0.629774415,-0.816517311,0.544688011,0.030107334,0.603698386,0.485677637,-0.215215764,0.030792237,-0.154862979,-0.275568548,,,
5/18/2022,138,-0.567065308,0.030444015,-0.507395038,-0.626735578,-0.668474824,0.047588665,-0.57520104,-0.761748607,0.547161816,0.030569443,0.607077924,0.487245708,-0.218649068,0.031097308,-0.157698345,-0.279599792,,,
5/19/2022,139,-0.574002892,0.030743218,-0.513746184,-0.634259599,-0.622934319,0.047626315,-0.529586742,-0.716281896,0.569487442,0.031096326,0.630436241,0.508538644,-0.218934595,0.031374839,-0.157439912,-0.280429279,,,
5/20/2022,140,-0.573602822,0.030947123,-0.512946462,-0.634259183,-0.626443638,0.048018026,-0.532328308,-0.720558968,0.565154636,0.031204846,0.626316133,0.503993138,-0.210561574,0.031580295,-0.148664195,-0.272458952,,,
5/21/2022,141,-0.579153538,0.031421829,-0.517566753,-0.640740324,-0.599104812,0.04867244,-0.50370683,-0.694502793,0.571906687,0.031840343,0.634313759,0.509499616,-0.211466254,0.0321573,-0.148437945,-0.274494562,,,
5/22/2022,142,-0.567293744,0.031212039,-0.506118148,-0.628469339,-0.541111659,0.048156643,-0.446724639,-0.635498679,0.585100307,0.031612545,0.647060896,0.523139719,-0.211839402,0.032520693,-0.148098844,-0.275579959,,,
5/23/2022,143,-0.57762612,0.031194965,-0.516483989,-0.638768251,-0.51509918,0.047427072,-0.422142118,-0.608056241,0.601048025,0.031489589,0.66276762,0.53932843,-0.217003586,0.03220333,-0.153885059,-0.280122113,,,
5/24/2022,144,-0.579081697,0.031500708,-0.517340309,-0.640823086,-0.502085296,0.047996751,-0.408011665,-0.596158928,0.60848603,0.031861969,0.67093549,0.546036571,-0.179887327,0.032178204,-0.116818046,-0.242956608,,,
5/25/2022,145,-0.587259583,0.032241081,-0.524067065,-0.650452101,-0.45150388,0.048527251,-0.356390468,-0.546617292,0.621789892,0.032827008,0.686130828,0.557448955,-0.164323177,0.033257243,-0.099138981,-0.229507374,,,
5/26/2022,146,-0.578606414,0.032261725,-0.515373432,-0.641839396,-0.425343476,0.048711982,-0.329867991,-0.520818962,0.617761854,0.032906183,0.682257972,0.553265735,-0.158701984,0.033718926,-0.092612889,-0.224791079,,,
5/27/2022,147,-0.577864101,0.032531949,-0.514101481,-0.641626721,-0.425789474,0.048920754,-0.329904797,-0.521674151,0.616733976,0.033199436,0.68180487,0.551663082,-0.166692039,0.034217053,-0.099626614,-0.233757463,,,
5/28/2022,148,-0.589396044,0.032535303,-0.52562685,-0.653165238,-0.399974834,0.048480989,-0.304952096,-0.494997572,0.615174248,0.033169233,0.680185945,0.550162551,-0.166607915,0.033684361,-0.100586569,-0.232629262,,,
5/29/2022,149,-0.583673894,0.031414718,-0.522101047,-0.645246741,-0.409832042,0.04700569,-0.31770089,-0.501963195,0.617165202,0.032194111,0.680265659,0.554064746,-0.185170177,0.032885655,-0.120714294,-0.24962606,,,
5/30/2022,150,-0.589210609,0.031220633,-0.528018168,-0.650403051,-0.409359875,0.046605315,-0.318013458,-0.500706293,0.636636795,0.032199505,0.699747826,0.573525764,-0.173160143,0.032645684,-0.109174602,-0.237145684,,,
5/31/2022,151,-0.582948186,0.031111307,-0.521970025,-0.643926348,-0.359601292,0.046541835,-0.268379294,-0.450823289,0.642766545,0.032358177,0.706188572,0.579344518,-0.158535776,0.032545614,-0.094746374,-0.222325179,,,
6/1/2022,152,-0.57975599,0.030998997,-0.518997956,-0.640514024,-0.364738042,0.046542835,-0.273514087,-0.455961998,0.633762384,0.032146616,0.696769752,0.570755016,-0.1603788,0.032478972,-0.096720014,-0.224037586,,,
6/2/2022,153,-0.578789434,0.030774735,-0.518470953,-0.639107914,-0.360287359,0.046315073,-0.269509816,-0.451064902,0.656124543,0.032072829,0.718987288,0.593261799,-0.154764859,0.03226671,-0.091522107,-0.218007611,,,
6/3/2022,154,-0.580024617,0.030814673,-0.519627857,-0.640421376,-0.354983874,0.046415106,-0.264010265,-0.445957482,0.656562568,0.03211574,0.71950942,0.593615717,-0.155113155,0.0324104,-0.091588772,-0.218637538,,,
6/4/2022,155,-0.58068344,0.030791144,-0.520332797,-0.641034083,-0.357361737,0.046406781,-0.266404446,-0.448319029,0.662052831,0.032116774,0.725001708,0.599103955,-0.16938058,0.032322574,-0.106028335,-0.232732825,,,
6/5/2022,156,-0.591039663,0.03003963,-0.532161988,-0.649917337,-0.363712784,0.045285178,-0.274953836,-0.452471733,0.674586497,0.031388367,0.736107697,0.613065298,-0.171902606,0.031669547,-0.109830293,-0.233974919,,,
6/6/2022,157,-0.585405548,0.030039888,-0.526527368,-0.644283729,-0.359849226,0.045247881,-0.271163379,-0.448535072,0.668738227,0.03135821,0.730200319,0.607276136,-0.19180152,0.031784037,-0.129504807,-0.254098232,,,
6/7/2022,158,-0.57049554,0.029658261,-0.512365349,-0.628625732,-0.335782745,0.045093977,-0.24739855,-0.424166941,0.694211078,0.031204309,0.755371524,0.633050632,-0.203862579,0.031871396,-0.141394642,-0.266330516,,,
6/8/2022,159,-0.577219342,0.029824699,-0.518762932,-0.635675751,-0.317520774,0.045236955,-0.228856343,-0.406185206,0.703100358,0.031471279,0.764784065,0.641416652,-0.213249231,0.031977781,-0.15057278,-0.275925682,,,
6/9/2022,160,-0.566709698,0.02973391,-0.508431234,-0.624988162,-0.31043534,0.045323923,-0.221600452,-0.399270229,0.706829605,0.031492869,0.768555628,0.645103583,-0.230871456,0.031824481,-0.168495473,-0.293247438,,,
6/10/2022,161,-0.558260285,0.030157032,-0.499152501,-0.617368069,-0.302985434,0.046170097,-0.212492044,-0.393478824,0.709337829,0.032049719,0.772155278,0.646520379,-0.244877306,0.032641218,-0.180900518,-0.308854094,,,
6/11/2022,162,-0.561431854,0.029683972,-0.503251269,-0.619612439,-0.313003648,0.045430704,-0.223959468,-0.402047829,0.706814193,0.031562435,0.768676566,0.644951819,-0.253934561,0.032088167,-0.191041755,-0.316827368,,,
6/12/2022,163,-0.561675489,0.029001908,-0.504831749,-0.618519228,-0.3183749,0.044345571,-0.23145758,-0.40529222,0.721865273,0.030787578,0.782208925,0.661521621,-0.253079294,0.03123629,-0.191856166,-0.314302421,,,
6/13/2022,164,-0.552304203,0.028849333,-0.495759511,-0.608848896,-0.30481089,0.044160437,-0.218256432,-0.391365347,0.727302768,0.030776863,0.78762542,0.666980116,-0.264480639,0.031259382,-0.203212251,-0.325749026,,,
6/14/2022,165,-0.546115822,0.028420884,-0.490410889,-0.601820755,-0.286123846,0.043535132,-0.200794988,-0.371452705,0.715581868,0.03029274,0.774955639,0.656208097,-0.277379838,0.030834083,-0.216945035,-0.33781464,,,
6/15/2022,166,-0.557989081,0.028728801,-0.50168063,-0.614297532,-0.287258179,0.043768569,-0.201471785,-0.373044574,0.734868539,0.030795485,0.795227689,0.674509389,-0.281873336,0.031158055,-0.220803549,-0.342943123,,,
6/16/2022,167,-0.570209884,0.029015686,-0.513339139,-0.627080629,-0.270974416,0.043896985,-0.184936324,-0.357012507,0.741780284,0.031001928,0.802544063,0.681016506,-0.285351746,0.031355746,-0.223894484,-0.346809008,,,
6/17/2022,168,-0.574179721,0.029727216,-0.515914378,-0.632445064,-0.276811782,0.044938012,-0.188733278,-0.364890287,0.75629717,0.031829614,0.818683214,0.693911127,-0.284430423,0.031995427,-0.221719386,-0.34714146,,,
6/18/2022,169,-0.571614633,0.029685231,-0.513431581,-0.629797685,-0.271280121,0.044753902,-0.183562473,-0.358997769,0.741891186,0.031618238,0.803862932,0.67991944,-0.284160882,0.031928497,-0.221581027,-0.346740737,,,
6/19/2022,170,-0.570771737,0.029547644,-0.512858355,-0.628685119,-0.270717872,0.044528611,-0.183441795,-0.35799395,0.742043586,0.031452975,0.803691418,0.680395755,-0.284809132,0.031700347,-0.222676452,-0.346941811,,,
6/20/2022,171,-0.567409965,0.029095815,-0.510382167,-0.624437763,-0.26324025,0.043894956,-0.177206136,-0.349274364,0.737077505,0.030967519,0.797773843,0.676381167,-0.297168354,0.031466837,-0.235493353,-0.358843356,,,
6/21/2022,172,-0.577249914,0.02923323,-0.519952783,-0.634547044,-0.294888244,0.044108638,-0.208435313,-0.381341175,0.735639546,0.031154847,0.796703046,0.674576047,-0.289863315,0.031360632,-0.228396476,-0.351330153,,,
6/22/2022,173,-0.56449808,0.029250598,-0.507166908,-0.621829252,-0.288625853,0.044268017,-0.201860539,-0.375391167,0.717517083,0.031161487,0.778593597,0.656440569,-0.281685216,0.031333553,-0.220271451,-0.34309898,,,
6/23/2022,174,-0.563715481,0.029899004,-0.505113433,-0.622317528,-0.259270235,0.045215424,-0.170648004,-0.347892467,0.718991253,0.031870023,0.781456499,0.656526006,-0.294401967,0.032295819,-0.231102162,-0.357701772,,,
6/24/2022,175,-0.560221231,0.030368797,-0.50069839,-0.619744073,-0.235680667,0.045958496,-0.145602014,-0.32575932,0.716190264,0.032409516,0.779712916,0.652667612,-0.304041666,0.032754143,-0.239843545,-0.368239786,,,
6/25/2022,176,-0.55428195,0.030325368,-0.494844229,-0.613719672,-0.241041469,0.045959827,-0.150960208,-0.331122729,0.70756027,0.032500969,0.77126217,0.643858371,-0.299113449,0.032857643,-0.234712469,-0.363514429,,,
6/26/2022,177,-0.551385399,0.029980319,-0.492623974,-0.610146824,-0.230510006,0.045319884,-0.141683034,-0.319336978,0.691032373,0.031899389,0.753555176,0.62850957,-0.303015245,0.032468886,-0.239376227,-0.366654262,,,
6/27/2022,178,-0.538307594,0.029671856,-0.480150755,-0.596464433,-0.25364043,0.04517044,-0.165106368,-0.342174492,0.697314103,0.031800502,0.759643086,0.634985119,-0.294909389,0.032324447,-0.231553474,-0.358265305,,,
6/28/2022,179,-0.547422701,0.030150424,-0.488327871,-0.606517532,-0.232061163,0.045631538,-0.142623349,-0.321498977,0.707513009,0.032361461,0.770941473,0.644084545,-0.294404546,0.03278897,-0.230138164,-0.358670928,,0.407229684,
6/29/2022,180,-0.546164872,0.030229213,-0.486915615,-0.605414129,-0.236198955,0.04571346,-0.146600574,-0.325797335,0.697059825,0.03228981,0.760347852,0.633771798,-0.298528405,0.032709896,-0.23441701,-0.362639801,,,
6/30/2022,181,-0.551603114,0.03068592,-0.491458712,-0.611747517,-0.252209066,0.046284693,-0.161491068,-0.342927063,0.693763279,0.032642717,0.757743004,0.629783554,-0.299271992,0.033023388,-0.23454615,-0.363997833,,,
7/1/2022,182,-0.548028392,0.031172546,-0.486930203,-0.609126582,-0.234230662,0.047012676,-0.142085817,-0.326375507,0.706303987,0.033329597,0.771629997,0.640977977,-0.301921209,0.033585213,-0.236094192,-0.367748226,,,
7/2/2022,183,-0.551268794,0.031295801,-0.489929025,-0.612608563,-0.22693285,0.047019165,-0.134775287,-0.319090412,0.693110401,0.033459437,0.758690897,0.627529904,-0.299349704,0.033588385,-0.233516469,-0.365182939,,,
7/3/2022,184,-0.542094651,0.03085507,-0.481618713,-0.602570589,-0.22746968,0.046374586,-0.136575491,-0.318363868,0.688418482,0.032961167,0.753022369,0.623814595,-0.306421965,0.033205118,-0.241339933,-0.371503996,,,
7/4/2022,185,-0.5301593,0.030618807,-0.470146439,-0.590172161,-0.218010309,0.046183501,-0.127490648,-0.308529971,0.690447805,0.032832064,0.75479865,0.626096961,-0.308905846,0.033204068,-0.243825873,-0.373985819,,,
7/5/2022,186,-0.511135604,0.030785533,-0.450795959,-0.571475249,-0.211873409,0.046444962,-0.120841283,-0.302905534,0.682931968,0.033032023,0.747674734,0.618189203,-0.307588615,0.033222777,-0.242471972,-0.372705258,,,
7/6/2022,187,-0.514102563,0.030783978,-0.453765966,-0.574439161,-0.19698003,0.04656893,-0.105704928,-0.288255133,0.686391666,0.033218608,0.751500137,0.621283195,-0.3029818,0.033184316,-0.237940541,-0.368023059,,,
7/7/2022,188,-0.510364765,0.031391279,-0.448837859,-0.571891671,-0.181918543,0.047386514,-0.089040975,-0.27479611,0.676112108,0.033809252,0.742378243,0.609845973,-0.296388287,0.033699212,-0.230337832,-0.362438742,,,
7/8/2022,189,-0.5167108,0.031755653,-0.45446972,-0.57895188,-0.183397665,0.047872789,-0.089567,-0.277228331,0.678218372,0.034144253,0.745141108,0.611295635,-0.28399261,0.033697081,-0.217946331,-0.350038889,,,
7/9/2022,190,-0.520323228,0.032004196,-0.457595003,-0.583051452,-0.181561923,0.048109478,-0.087267347,-0.275856499,0.665882083,0.034328694,0.733166323,0.598597842,-0.279632123,0.0341239,-0.21274928,-0.346514967,,,
7/10/2022,191,-0.528203576,0.031476159,-0.466510305,-0.589896848,-0.18201092,0.047198326,-0.089502201,-0.274519638,0.677967649,0.033648209,0.743918139,0.612017158,-0.271209724,0.033604473,-0.205344957,-0.337074491,,,
7/11/2022,192,-0.514860422,0.031513997,-0.453092987,-0.576627856,-0.156476148,0.047365191,-0.063640373,-0.249311922,0.685540317,0.033814128,0.751816007,0.619264628,-0.261892247,0.033657387,-0.195923769,-0.327860725,,,
7/12/2022,193,-0.511167711,0.03161088,-0.449210386,-0.573125036,-0.143312716,0.047570839,-0.050073871,-0.23655156,0.66222407,0.033847701,0.728565564,0.595882577,-0.263259285,0.033809495,-0.196992676,-0.329525895,,,
7/13/2022,194,-0.509645846,0.031547681,-0.447812391,-0.5714793,-0.133475081,0.047479769,-0.040414734,-0.226535427,0.661998451,0.033709468,0.728069009,0.595927893,-0.266072804,0.033576768,-0.200262338,-0.331883269,,,
7/14/2022,195,-0.527469686,0.032129632,-0.464495608,-0.590443764,-0.147208889,0.048045282,-0.053040136,-0.241377642,0.681281535,0.034284758,0.74847966,0.61408341,-0.258470826,0.034180171,-0.19147769,-0.325463962,,,
7/15/2022,196,-0.5234252,0.032597847,-0.459533421,-0.58731698,-0.15457002,0.048925977,-0.058675105,-0.250464934,0.672735068,0.034655626,0.740660095,0.604810042,-0.250070956,0.034483075,-0.18248413,-0.317657783,,,
7/16/2022,197,-0.504723941,0.032508947,-0.441006404,-0.568441478,-0.171085829,0.049161669,-0.074728958,-0.2674427,0.678388432,0.034900616,0.746793639,0.609983226,-0.262956334,0.034671089,-0.195001,-0.330911667,,,
7/17/2022,198,-0.497092938,0.031866721,-0.434634165,-0.55955171,-0.169941288,0.048369725,-0.075136627,-0.26474595,0.695292327,0.034279245,0.762479648,0.628105007,-0.277166401,0.034514552,-0.209517878,-0.344814923,,,
7/18/2022,199,-0.4949092,0.032241914,-0.431715049,-0.558103352,-0.178014801,0.049046078,-0.081884488,-0.274145114,0.70737955,0.034942603,0.775867051,0.638892049,-0.278532064,0.034966561,-0.209997603,-0.347066524,,,
7/19/2022,200,-0.501029145,0.031698372,-0.438900336,-0.563157955,-0.187424746,0.048195146,-0.09296226,-0.281887231,0.710726357,0.034340551,0.778033838,0.643418877,-0.278974258,0.034390624,-0.211568634,-0.346379882,,,
7/20/2022,201,-0.498438382,0.032589039,-0.434563865,-0.562312898,-0.184780523,0.049460991,-0.087836981,-0.281724065,0.707556259,0.035225752,0.776598732,0.638513785,-0.274547049,0.035035427,-0.205877611,-0.343216487,,,
7/21/2022,202,-0.489504542,0.032859296,-0.425100322,-0.553908763,-0.15251185,0.049924027,-0.054660757,-0.250362943,0.688681487,0.035390955,0.758047759,0.619315214,-0.278993625,0.035642325,-0.209134669,-0.348852581,,,
7/22/2022,203,-0.513391428,0.03406635,-0.446621383,-0.580161473,-0.154976187,0.051394902,-0.05424218,-0.255710195,0.711879556,0.03670448,0.783820338,0.639938775,-0.294933882,0.036864726,-0.222679019,-0.367188745,,,
7/23/2022,204,-0.502568651,0.033630794,-0.436652294,-0.568485007,-0.158427073,0.050969361,-0.058527125,-0.258327021,0.706543374,0.036258717,0.77761046,0.635476289,-0.3024836,0.036764089,-0.230425985,-0.374541215,,,
7/24/2022,205,-0.499244365,0.032956372,-0.434649877,-0.563838854,-0.156629633,0.050175148,-0.058286344,-0.254972923,0.707969965,0.035555042,0.777657847,0.638282083,-0.301244983,0.036243615,-0.230207497,-0.372282469,,,
7/25/2022,206,-0.494804217,0.033086189,-0.429955285,-0.559653148,-0.13635268,0.050298469,-0.037767681,-0.234937679,0.71862933,0.035662682,0.788528187,0.648730473,-0.304025372,0.036177653,-0.233117172,-0.374933572,,,
7/26/2022,207,-0.493744855,0.033254378,-0.428566274,-0.558923437,-0.149945248,0.050933549,-0.050115493,-0.249775003,0.735891845,0.036241613,0.806925407,0.664858283,-0.299479996,0.036335525,-0.228262368,-0.370697625,,,
7/27/2022,208,-0.484679082,0.033411233,-0.419193066,-0.550165097,-0.156664891,0.051175082,-0.05636173,-0.256968052,0.738835065,0.03623665,0.809858899,0.667811231,-0.321419117,0.036833732,-0.249225003,-0.393613231,,,
7/28/2022,209,-0.480387311,0.033709099,-0.414317476,-0.546457145,-0.15909046,0.051962735,-0.0572435,-0.260937421,0.74395335,0.036769162,0.816020908,0.671885792,-0.301294987,0.036935332,-0.228901736,-0.373688238,,,
7/29/2022,210,-0.475279561,0.034408657,-0.407838593,-0.542720528,-0.144388744,0.053098854,-0.04031499,-0.248462499,0.739376214,0.037457234,0.812792393,0.665960034,-0.312273357,0.037857526,-0.238072606,-0.386474108,,,
7/30/2022,211,-0.46359288,0.034446296,-0.396078141,-0.53110762,-0.141221222,0.053347912,-0.036659314,-0.245783129,0.728337665,0.037601081,0.802035784,0.654639547,-0.326369952,0.038184226,-0.251528869,-0.401211034,,,
7/31/2022,212,-0.47566197,0.033727762,-0.409555557,-0.541768383,-0.139838724,0.052105883,-0.037711194,-0.241966254,0.741611623,0.036861213,0.813859601,0.669363645,-0.314736064,0.03701094,-0.242194622,-0.387277506,,,
8/1/2022,213,-0.469560306,0.03381151,-0.403289746,-0.535830866,-0.141276939,0.052486361,-0.038403671,-0.244150207,0.751711378,0.037075399,0.82437916,0.679043596,-0.327950881,0.037393731,-0.254659168,-0.401242595,,,
8/2/2022,214,-0.473043557,0.033496191,-0.407391022,-0.538696092,-0.106830892,0.052028139,-0.00485574,-0.208806045,0.755628962,0.036795246,0.827747644,0.683510279,-0.316917563,0.036889989,-0.244613185,-0.389221941,,,
8/3/2022,215,-0.480495457,0.033883171,-0.414084441,-0.546906472,-0.102387662,0.052674328,0.000854021,-0.205629346,0.757526133,0.037266573,0.830568616,0.684483649,-0.312040715,0.037176191,-0.23917538,-0.384906051,,,
8/4/2022,216,-0.480808658,0.034356475,-0.413469967,-0.548147349,-0.087006695,0.053772744,0.018387883,-0.192401272,0.741010774,0.037730141,0.814961851,0.667059697,-0.3215896,0.038154772,-0.246806247,-0.396372953,,,
8/5/2022,217,-0.478787049,0.034645472,-0.410881924,-0.546692174,-0.092751783,0.0542202,0.013519809,-0.199023376,0.737781974,0.037961558,0.812186628,0.66337732,-0.320682294,0.037969704,-0.246261675,-0.395102913,,0.757526133,
8/6/2022,218,-0.470580565,0.034739974,-0.402490216,-0.538670913,-0.084782434,0.054353919,0.021751247,-0.191316115,0.7327704,0.03817942,0.807602062,0.657938737,-0.330221128,0.038492423,-0.25477598,-0.405666276,,,
8/7/2022,219,-0.472399638,0.034296669,-0.405178168,-0.539621108,-0.087193561,0.053578192,0.017819695,-0.192206817,0.733540016,0.037541679,0.807121707,0.659958326,-0.337041346,0.0381726,-0.26222305,-0.411859642,,,
8/8/2022,220,-0.482777949,0.03434794,-0.415455987,-0.550099911,-0.078978462,0.053420334,0.025725393,-0.183682316,0.739268711,0.037411697,0.812595638,0.665941785,-0.324986054,0.037799965,-0.250898124,-0.399073985,,,
8/9/2022,221,-0.462690953,0.034533103,-0.39500607,-0.530375835,-0.090866383,0.054078555,0.015127585,-0.19686035,0.719930065,0.037635908,0.793696444,0.646163685,-0.344888001,0.038363706,-0.269695137,-0.420080866,,,
8/10/2022,222,-0.473511144,0.034687029,-0.405524568,-0.541497721,-0.096269484,0.054251539,0.010063533,-0.202602501,0.726616501,0.037873732,0.800849017,0.652383986,-0.342258468,0.038819029,-0.266173171,-0.418343765,,,
8/11/2022,223,-0.467262184,0.035477645,-0.397726,-0.536798368,-0.089435435,0.055596175,0.019533067,-0.198403937,0.716183172,0.038753338,0.792139714,0.64022663,-0.338698316,0.039986561,-0.260324656,-0.417071976,,,
8/12/2022,224,-0.47512742,0.036544106,-0.403500973,-0.546753867,-0.102257491,0.057081913,0.009623059,-0.214138041,0.729290126,0.039983909,0.807658588,0.650921665,-0.3261182,0.041130208,-0.245502991,-0.406733409,,,
8/13/2022,225,-0.467617502,0.036583152,-0.395914523,-0.539320481,-0.106639152,0.057146631,0.005368244,-0.218646548,0.717308193,0.040006071,0.795720093,0.638896294,-0.303290348,0.040401978,-0.224102472,-0.382478225,,,
8/14/2022,226,-0.458701017,0.035415098,-0.389287425,-0.528114608,-0.110837274,0.055541848,-0.001975251,-0.219699297,0.692401138,0.03840335,0.767671703,0.617130573,-0.297910201,0.039073181,-0.221326766,-0.374493637,,,
8/15/2022,227,-0.456288535,0.035831541,-0.386058714,-0.526518355,-0.090477521,0.056235196,0.019743464,-0.200698506,0.680795842,0.038620359,0.756491746,0.605099939,-0.289937574,0.039366588,-0.212779061,-0.367096086,,,
8/16/2022,228,-0.4655854,0.036414853,-0.394212288,-0.536958512,-0.087158726,0.057011421,0.024583659,-0.198901111,0.673362341,0.039087981,0.749974784,0.596749897,-0.264071903,0.039353767,-0.186938518,-0.341205287,,,
8/17/2022,229,-0.461241748,0.036519272,-0.389663976,-0.532819521,-0.079399474,0.057047444,0.032413515,-0.191212464,0.669797603,0.038914502,0.746070026,0.59352518,-0.265250724,0.039683487,-0.187471089,-0.34303036,,,
8/18/2022,230,-0.445879111,0.03702716,-0.373305876,-0.518452345,-0.053696509,0.057896245,0.059780132,-0.16717315,0.648986581,0.03929997,0.726014522,0.571958641,-0.250523155,0.040002342,-0.172118564,-0.328927746,,-0.432380211,
8/19/2022,231,-0.438076974,0.037189233,-0.365186078,-0.510967871,-0.058761783,0.058322003,0.055549344,-0.173072909,0.652495586,0.039599461,0.730110529,0.574880643,-0.258971405,0.040539083,-0.179514802,-0.338428008,,,
8/20/2022,232,-0.441892361,0.037646143,-0.368105922,-0.515678801,-0.046814061,0.058627722,0.068096273,-0.161724396,0.660155774,0.040101421,0.738754559,0.581556989,-0.263076247,0.040479799,-0.183735841,-0.342416652,,,
8/21/2022,233,-0.435154605,0.036849626,-0.362929338,-0.507379871,-0.060118077,0.057544022,0.052668207,-0.172904361,0.651470002,0.039050797,0.728009564,0.574930439,-0.269812718,0.039931517,-0.191546945,-0.348078491,,,
8/22/2022,234,-0.432380211,0.037143711,-0.359578538,-0.505181885,-0.065149177,0.057976207,0.048484189,-0.178782542,0.664120444,0.039462694,0.741467324,0.586773564,-0.266346876,0.039996114,-0.187954492,-0.34473926,,,
8/23/2022,235,-0.432731072,0.03750493,-0.35922141,-0.506240734,-0.085960079,0.058370991,0.028447064,-0.200367222,0.668940969,0.039743065,0.746837376,0.591044562,-0.262764307,0.040183447,-0.18400475,-0.341523864,,,
8/24/2022,236,-0.438992189,0.0380333,-0.364446921,-0.513537457,-0.095021525,0.05925464,0.02111757,-0.21116062,0.657058522,0.040228319,0.735906028,0.578211016,-0.272242057,0.041083008,-0.191719361,-0.352764753,,,
8/25/2022,237,-0.448126859,0.038442392,-0.372779771,-0.523473948,-0.083500935,0.059389455,0.032902397,-0.199904267,0.654287254,0.040339453,0.733352583,0.575221926,-0.280711941,0.041697363,-0.19898511,-0.362438772,,,
8/26/2022,238,-0.463533513,0.039391227,-0.386326708,-0.540740318,-0.04892487,0.060597941,0.069847094,-0.167696833,0.648206457,0.041242798,0.729042342,0.567370573,-0.265621895,0.042029293,-0.183244482,-0.347999308,,,
8/27/2022,239,-0.460328946,0.039771754,-0.382376308,-0.538281584,-0.069157994,0.06128506,0.050960724,-0.189276712,0.637358301,0.041384692,0.718472298,0.556244305,-0.281094529,0.042495071,-0.197804191,-0.364384868,,,
8/28/2022,240,-0.4670403,0.039275347,-0.390060619,-0.544019981,-0.051591767,0.060210786,0.066421373,-0.169604907,0.62525174,0.040505993,0.704643486,0.545859994,-0.287869321,0.042211822,-0.205134151,-0.370604492,,,
8/29/2022,241,-0.480397609,0.039586635,-0.402807805,-0.557987413,-0.036029875,0.060305549,0.082169001,-0.154228752,0.623591869,0.040529983,0.703030635,0.544153103,-0.279198079,0.042371448,-0.196150042,-0.362246117,,,
8/30/2022,242,-0.477123537,0.040412673,-0.397914698,-0.556332375,-0.074125308,0.061328873,0.046079283,-0.194329898,0.589399979,0.040684974,0.669142528,0.509657429,-0.286060763,0.043434787,-0.20092858,-0.371192946,,,
8/31/2022,243,-0.480198619,0.041079278,-0.399683235,-0.560714003,-0.07051928,0.062173608,0.051340992,-0.192379552,0.587798157,0.041217665,0.668584781,0.507011533,-0.279514663,0.043795289,-0.193675897,-0.365353429,,,
9/1/2022,244,-0.490887822,0.042386442,-0.407810396,-0.573965249,-0.092998818,0.064012383,0.032465452,-0.218463088,0.58615298,0.042267691,0.668997654,0.503308305,-0.286572685,0.045183892,-0.198012257,-0.375133113,,,
9/2/2022,245,-0.495629954,0.043011257,-0.411327891,-0.579932017,-0.085589672,0.06463113,0.041087344,-0.212266687,0.576056562,0.042656704,0.659663701,0.492449422,-0.283764758,0.045440485,-0.194701407,-0.372828108,,,
9/3/2022,246,-0.491300658,0.043707192,-0.405634563,-0.576966754,-0.090190431,0.065006835,0.037222965,-0.217603828,0.583924912,0.043215292,0.668626884,0.499222939,-0.287909631,0.045746869,-0.198245768,-0.377573495,,,
9/4/2022,247,-0.513409043,0.043708695,-0.42774,-0.599078085,-0.102292188,0.064497728,0.024123359,-0.228707735,0.587796039,0.042852713,0.671787356,0.503804721,-0.276997063,0.046130173,-0.186581924,-0.367412202,,,
9/5/2022,248,-0.531525453,0.044637465,-0.444036022,-0.619014885,-0.120245693,0.06564552,0.008419526,-0.248910912,0.59061618,0.043675823,0.676220793,0.505011567,-0.289615993,0.047258205,-0.196989911,-0.382242075,,,
9/6/2022,249,-0.528823764,0.045000851,-0.440622097,-0.617025431,-0.110570567,0.066134248,0.019052559,-0.240193692,0.557020661,0.043551752,0.642382094,0.471659228,-0.307746297,0.047660173,-0.214332358,-0.401160237,,,
9/7/2022,250,-0.506130356,0.046179061,-0.415619396,-0.596641315,-0.138698176,0.068362287,-0.004708093,-0.272688259,0.538681811,0.044448604,0.625801075,0.451562547,-0.331877355,0.049900572,-0.234072233,-0.429682476,,,
9/8/2022,251,-0.550609406,0.047181358,-0.458133945,-0.643084867,-0.094272334,0.068538454,0.040063036,-0.228607705,0.545384116,0.045001607,0.633587267,0.457180966,-0.317464439,0.049376347,-0.2206868,-0.414242079,,,
9/9/2022,252,-0.559675663,0.048979497,-0.463675849,-0.655675476,-0.098848237,0.070329288,0.038997168,-0.236693641,0.527239613,0.045769247,0.616947336,0.43753189,-0.32577897,0.050388014,-0.227018462,-0.424539478,,,
9/10/2022,253,-0.570079889,0.049754092,-0.472561869,-0.667597909,-0.10119608,0.071294878,0.038541882,-0.240934042,0.536566881,0.046739563,0.628176425,0.444957337,-0.319155231,0.050745572,-0.21969391,-0.418616552,,,
9/11/2022,254,-0.557487769,0.047988071,-0.463431151,-0.651544387,-0.077664115,0.069024182,0.057623281,-0.212951512,0.556096446,0.04564865,0.6455678,0.466625092,-0.30030082,0.048781759,-0.204688573,-0.395913067,,,
9/12/2022,255,-0.555964908,0.048870167,-0.46017938,-0.651750435,-0.104935012,0.070253683,0.032762207,-0.24263223,0.549865996,0.046319141,0.640651513,0.459080479,-0.316049736,0.050438336,-0.217190596,-0.414908875,,,
9/13/2022,256,-0.565862283,0.050274181,-0.467324889,-0.664399677,-0.086280136,0.071540777,0.053939788,-0.226500059,0.54204945,0.04742544,0.635003314,0.449095587,-0.341587432,0.051725473,-0.240205505,-0.442969358,,,
9/14/2022,257,-0.563841993,0.050257144,-0.465337989,-0.662345996,-0.085633172,0.071677439,0.054854609,-0.226120954,0.549511305,0.047719036,0.643040615,0.455981996,-0.34834338,0.052152372,-0.246124731,-0.45056203,,,
9/15/2022,258,-0.558502553,0.05169236,-0.457185528,-0.659819579,-0.079347779,0.073609686,0.064927205,-0.223622764,0.533643119,0.049028255,0.6297385,0.437547739,-0.361847087,0.053560655,-0.256868204,-0.466825971,,,
9/16/2022,259,-0.576104257,0.052634897,-0.472939858,-0.679268656,-0.094632315,0.074533829,0.051453989,-0.24071862,0.538878061,0.049390366,0.635683178,0.442072943,-0.340086426,0.05393618,-0.234371513,-0.445801338,,,
9/17/2022,260,-0.585809992,0.054346474,-0.479290903,-0.692329081,-0.113227613,0.076448173,0.036610806,-0.263066032,0.548830934,0.050826944,0.648451744,0.449210125,-0.357766729,0.055903488,-0.248195894,-0.467337565,,,
9/18/2022,261,-0.612248052,0.053223748,-0.507929506,-0.716566598,-0.079942447,0.074497678,0.066073003,-0.225957896,0.573676912,0.04979971,0.671284344,0.47606948,-0.333426303,0.053946401,-0.227691358,-0.439161249,,,
9/19/2022,262,-0.612579583,0.053626912,-0.507470835,-0.717688331,-0.106058902,0.075490445,0.04190237,-0.254020174,0.560038454,0.050024775,0.658087013,0.461989895,-0.31929967,0.054250745,-0.212968211,-0.42563113,,,
9/20/2022,263,-0.651240144,0.054610681,-0.54420321,-0.758277078,-0.089102462,0.076023354,0.059903311,-0.238108235,0.566047161,0.050950803,0.665910736,0.466183587,-0.305742147,0.053735113,-0.200421324,-0.411062969,,,
9/21/2022,264,-0.679557681,0.05652416,-0.568770327,-0.790345035,-0.087521075,0.07774789,0.064864789,-0.23990694,0.55676893,0.052058669,0.65880392,0.45473394,-0.31607397,0.055329165,-0.207628806,-0.424519133,,,
9/22/2022,265,-0.72104448,0.058414654,-0.606551758,-0.835537203,-0.123417997,0.079421543,0.032248226,-0.279084221,0.506659213,0.052634867,0.609823553,0.403494874,-0.312594601,0.055470429,-0.20387256,-0.421316643,,,
9/23/2022,266,-0.750272712,0.060451672,-0.631787435,-0.868757989,-0.126514867,0.0811828,0.032603421,-0.285633155,0.523990777,0.054243498,0.630308032,0.417673521,-0.305846089,0.056904967,-0.194312354,-0.417379825,,,
9/24/2022,267,-0.755827786,0.06153638,-0.635216481,-0.876439091,-0.126350262,0.083234976,0.036790291,-0.289490814,0.532859709,0.055518323,0.641675622,0.424043795,-0.289351927,0.057317497,-0.177009633,-0.401694221,,,
9/25/2022,268,-0.743819094,0.059782364,-0.626645661,-0.860992527,-0.13126734,0.080910895,0.027318014,-0.289852694,0.49392705,0.05364506,0.599071367,0.388782733,-0.295867678,0.055998783,-0.186110064,-0.405625292,,,
9/26/2022,269,-0.745869308,0.060230871,-0.627816802,-0.863921815,-0.10507197,0.081356095,0.054385977,-0.264529917,0.486492194,0.053879765,0.592096533,0.380887854,-0.282875836,0.056284308,-0.172558591,-0.39319308,,,
9/27/2022,270,-0.752680164,0.060419214,-0.634258504,-0.871101825,-0.12725424,0.081597136,0.032676147,-0.287184626,0.507303021,0.054785194,0.614682001,0.399924041,-0.25000384,0.055305177,-0.141605692,-0.358401987,,,
9/28/2022,271,-0.762235104,0.060880962,-0.642908418,-0.88156179,-0.131325649,0.082139121,0.029667028,-0.292318327,0.518463301,0.05541818,0.627082933,0.409843668,-0.24371907,0.055508667,-0.134922083,-0.352516057,,,
9/29/2022,272,-0.753753415,0.061974349,-0.632283691,-0.87522314,-0.079654597,0.083579199,0.084160634,-0.243469828,0.518992362,0.05650955,0.62975108,0.408233644,-0.242854437,0.056593854,-0.131930482,-0.353778391,,,
9/30/2022,273,-0.760168729,0.062897788,-0.636889065,-0.883448393,-0.067536432,0.084617346,0.098313567,-0.233386431,0.501441375,0.056902209,0.612969704,0.389913046,-0.230188639,0.057422054,-0.117641413,-0.342735864,,,
10/1/2022,274,-0.767368002,0.064523037,-0.64090285,-0.893833155,-0.075645718,0.086307874,0.093517716,-0.244809152,0.485185484,0.057920457,0.59870958,0.371661389,-0.203954489,0.057880858,-0.090508007,-0.317400972,,,
10/2/2022,275,-0.765318635,0.062154605,-0.64349561,-0.887141661,-0.067295704,0.08346159,0.096289012,-0.230880419,0.488772998,0.05596315,0.598460772,0.379085224,-0.194227114,0.055945185,-0.084574551,-0.303879678,,,
10/3/2022,276,-0.763622553,0.062147486,-0.64181348,-0.885431626,-0.059515754,0.083804894,0.104741838,-0.223773346,0.49235789,0.056215695,0.602540652,0.382175128,-0.185757318,0.056495264,-0.0750266,-0.296488036,,,
10/4/2022,277,-0.769466738,0.063213928,-0.645567439,-0.893366037,-0.058323684,0.084484287,0.107265518,-0.223912887,0.476311851,0.05674451,0.587531091,0.365092611,-0.170853056,0.056480014,-0.060152228,-0.281553884,,,
10/5/2022,278,-0.769042458,0.064049605,-0.643505233,-0.894579683,-0.039890363,0.085474534,0.127639723,-0.207420449,0.481952585,0.057376938,0.594411382,0.369493787,-0.173801398,0.056752114,-0.062567253,-0.285035542,,,
10/6/2022,279,-0.762660798,0.065990699,-0.633319027,-0.892002568,-0.02841265,0.08727685,0.142649977,-0.199475276,0.518551607,0.059166157,0.634517274,0.40258594,-0.144014857,0.057627075,-0.031065791,-0.256963924,,,
10/7/2022,280,-0.761825959,0.065965308,-0.632533956,-0.891117963,-0.023679214,0.087364877,0.147555945,-0.194914373,0.520839247,0.059388124,0.63723997,0.404438523,-0.1365061,0.057859765,-0.023100961,-0.249911238,,,
10/8/2022,281,-0.747953468,0.067598617,-0.61546018,-0.880446757,-0.033886884,0.090093592,0.142696556,-0.210470324,0.523420254,0.061470953,0.643903322,0.402937186,-0.113441881,0.059393016,0.002968429,-0.229852192,,,
10/9/2022,282,-0.743225229,0.065662547,-0.614526637,-0.871923821,-0.02924393,0.087587169,0.142426921,-0.200914781,0.519745524,0.059794683,0.636943102,0.402547946,-0.117265035,0.057517326,-0.004531076,-0.229998994,,,
10/10/2022,283,-0.730664562,0.065329268,-0.602619197,-0.858709927,-0.010441976,0.087379988,0.160822802,-0.181706753,0.511833555,0.059519425,0.628491629,0.395175482,-0.121334022,0.057562426,-0.008511666,-0.234156378,,,
10/11/2022,284,-0.756510856,0.067256513,-0.62468809,-0.888333622,-0.038565427,0.088758672,0.13540157,-0.212532423,0.470899762,0.060043759,0.588585528,0.353213995,-0.139943466,0.057930052,-0.026400564,-0.253486369,,,
10/12/2022,285,-0.747888688,0.067418862,-0.615747719,-0.880029657,-0.003758272,0.089321751,0.17131236,-0.178828903,0.457066273,0.060366944,0.575385483,0.338747062,-0.141184308,0.058192359,-0.027127284,-0.255241331,,,
10/13/2022,286,-0.755530049,0.068366353,-0.621531998,-0.8895281,0.029377431,0.091227962,0.208184236,-0.149429374,0.471203936,0.062142508,0.593003251,0.349404621,-0.140184191,0.059553577,-0.02345918,-0.256909203,,,
10/14/2022,287,-0.757158351,0.068735884,-0.622436018,-0.891880684,0.024842012,0.091720572,0.204614332,-0.154930308,0.463491407,0.062436416,0.585866783,0.341116031,-0.136360352,0.059486617,-0.019766582,-0.252954121,,,
10/15/2022,288,-0.755928649,0.068514125,-0.621640964,-0.890216333,0.0250239,0.091398956,0.204165855,-0.154118055,0.467095529,0.062176894,0.588962241,0.345228818,-0.121394002,0.058664723,-0.006411145,-0.236376858,,,
10/16/2022,289,-0.707995622,0.066622579,-0.577415368,-0.838575876,0.013067755,0.090392897,0.190237833,-0.164102323,0.455714028,0.062107966,0.577445641,0.333982414,-0.154111575,0.057690895,-0.041037422,-0.267185729,,,
10/17/2022,290,-0.712406844,0.067097894,-0.580894972,-0.843918717,0.031077553,0.090652561,0.208756572,-0.146601467,0.458374268,0.062688914,0.58124454,0.335503996,-0.158663723,0.057391165,-0.046177039,-0.271150407,,,
10/18/2022,291,-0.676455327,0.069462848,-0.540308144,-0.812602509,0.00875844,0.094185332,0.19336169,-0.17584481,0.407229684,0.065017284,0.534663561,0.279795808,-0.164809209,0.059393194,-0.048398548,-0.28121987,,,
10/19/2022,292,-0.652991933,0.068517988,-0.518696677,-0.787287189,-0.050717205,0.093263174,0.132078615,-0.233513026,0.446272498,0.065003678,0.573679707,0.318865289,-0.185851205,0.059508371,-0.069214798,-0.302487612,,,
10/20/2022,293,-0.631388625,0.069672074,-0.494831361,-0.76794589,-0.046188843,0.094544487,0.13911835,-0.231496037,0.457658842,0.065802341,0.58663143,0.328686253,-0.170009423,0.060646862,-0.051141573,-0.288877273,,,-0.869914099
10/21/2022,294,-0.638059318,0.070130815,-0.50060292,-0.775515715,-0.042605213,0.095100853,0.143792459,-0.229002885,0.453002645,0.065668688,0.581713274,0.324292017,-0.170031652,0.060358917,-0.051728175,-0.288335129,,,
10/22/2022,295,-0.627553973,0.071556727,-0.487302787,-0.767805158,-0.023947121,0.097533449,0.16721844,-0.215112682,0.4979279,0.068286948,0.631770318,0.364085481,-0.178269656,0.062316528,-0.05612926,-0.300410051,,,
10/23/2022,296,-0.647289357,0.071324411,-0.50749351,-0.787085203,-0.040642838,0.097064601,0.14960378,-0.230889457,0.503794779,0.068150379,0.637369521,0.370220036,-0.182496523,0.061711552,-0.061541881,-0.303451165,,,
10/24/2022,297,-0.663458484,0.069521154,-0.527197022,-0.799719946,0.015828267,0.094333265,0.200721465,-0.169064932,0.548910421,0.066894906,0.680024436,0.417796406,-0.188095954,0.060337696,-0.06983407,-0.306357838,,,
10/25/2022,298,-0.682296241,0.072214627,-0.540755572,-0.823836909,-0.024935597,0.097523623,0.166210703,-0.216081898,0.658143418,0.070930013,0.797166244,0.519120593,-0.157120146,0.062931272,-0.033774853,-0.280465439,,,
10/26/2022,299,-0.662598051,0.065753812,-0.533720579,-0.791475524,-0.050861693,0.090356535,0.126237116,-0.227960503,0.660113496,0.067684898,0.792775896,0.527451097,-0.160026511,0.057806307,-0.046726149,-0.273326873,,,
10/27/2022,300,-0.663140011,0.06767993,-0.53048735,-0.795792673,-0.087236281,0.092853657,0.094756886,-0.269229449,0.628202853,0.069532967,0.764487468,0.491918238,-0.17570999,0.059834071,-0.058435211,-0.292984769,,,
10/28/2022,301,-0.660030926,0.06835336,-0.526058341,-0.794003511,-0.08826125,0.094197814,0.096366466,-0.272888966,0.627312933,0.070215276,0.764934874,0.489690991,-0.184966406,0.060442384,-0.066499333,-0.303433479,,,
10/29/2022,302,-0.643263599,0.058758769,-0.528096411,-0.758430786,-0.12539533,0.083335766,0.037942771,-0.288733431,0.623869185,0.063014236,0.747377088,0.500361282,-0.12457773,0.050911257,-0.024791666,-0.224363795,,,
10/30/2022,303,-0.709719604,0.056877722,-0.598239269,-0.821199939,-0.255316286,0.07874133,-0.10098328,-0.409649292,0.695365543,0.060379063,0.813708507,0.577022579,-0.104429092,0.045235318,-0.015767869,-0.193090316,,,
10/31/2022,304,-0.67838128,0.053279736,-0.573952998,-0.782809562,-0.186407454,0.074288058,-0.040802861,-0.332012048,0.65995073,0.056960082,0.771592491,0.548308968,-0.101373273,0.043747405,-0.015628359,-0.187118187,,,
11/1/2022,305,-0.665785311,0.051876114,-0.564108127,-0.767462494,-0.132715796,0.07227239,0.008938089,-0.27436968,0.650700896,0.056549577,0.761538066,0.539863726,-0.106678678,0.043329232,-0.021753383,-0.191603973,,,
11/2/2022,306,-0.64648091,0.048975013,-0.550489885,-0.742471934,-0.224291332,0.069455547,-0.088158459,-0.360424205,0.687700039,0.054439325,0.794401116,0.580998961,-0.104444188,0.039180042,-0.027651306,-0.18123707,,,
11/3/2022,307,-0.636128392,0.049630412,-0.538852785,-0.733403999,-0.231013582,0.070671661,-0.092497127,-0.369530037,0.708024632,0.055850502,0.817491616,0.598557647,-0.108305946,0.039850092,-0.030199766,-0.186412126,,,
11/4/2022,308,-0.652435535,0.047865676,-0.558618811,-0.746252259,-0.307805153,0.067877265,-0.174765714,-0.440844592,0.71093226,0.053189013,0.815182726,0.606681794,-0.098238216,0.037855612,-0.024041217,-0.172435216,,,
11/5/2022,309,-0.679542713,0.043376373,-0.594525022,-0.764560403,-0.287350834,0.062033947,-0.165764297,-0.40893737,0.631378507,0.046799564,0.723105652,0.539651361,-0.0952654,0.03630404,-0.024109483,-0.166421318,,,
11/6/2022,310,-0.704281437,0.040361441,-0.625173013,-0.783389861,-0.300491126,0.057271192,-0.188239589,-0.412742663,0.667343279,0.043619653,0.752837798,0.58184876,-0.099008743,0.035112932,-0.030187395,-0.16783009,,,
11/7/2022,311,-0.705657103,0.040406556,-0.626460253,-0.784853952,-0.307412944,0.057352641,-0.195001767,-0.419824121,0.665558715,0.043671921,0.751155681,0.579961749,-0.098680551,0.035163327,-0.02976043,-0.167600672,,,
11/8/2022,312,-0.710355401,0.040953406,-0.630086725,-0.790624077,-0.321482132,0.058134988,-0.207537556,-0.435426709,0.673927594,0.044441735,0.761033396,0.586821793,-0.095398204,0.035604969,-0.025612464,-0.165183944,,,
11/9/2022,313,-0.712138235,0.041065943,-0.631648987,-0.792627483,-0.322502846,0.058255806,-0.208321466,-0.436684226,0.677180737,0.044539988,0.764479114,0.589882359,-0.096945408,0.035705948,-0.026961749,-0.166929066,,,
11/10/2022,314,-0.715090606,0.041208179,-0.634322574,-0.795858638,-0.343461344,0.058362453,-0.229070936,-0.457851751,0.686780157,0.045021187,0.775021684,0.598538629,-0.115160208,0.035272308,-0.046026484,-0.184293931,,,
11/11/2022,315,-0.715258607,0.041224524,-0.63445854,-0.796058675,-0.343901991,0.058389344,-0.229458877,-0.458345104,0.686735503,0.045029299,0.774992928,0.598478077,-0.115327359,0.035282917,-0.046172841,-0.184481877,,,
11/12/2022,316,-0.696224123,0.038366203,-0.621026366,-0.77142188,-0.320032227,0.054578376,-0.213058609,-0.427005844,0.64147329,0.041571336,0.722953108,0.559993473,-0.124847488,0.034280037,-0.057658615,-0.192036361,,,
11/13/2022,317,-0.730839422,0.036892015,-0.658531071,-0.803147772,-0.303031167,0.051521988,-0.202048071,-0.404014262,0.552796535,0.038421557,0.628102787,0.477490283,-0.119796146,0.033203735,-0.054716825,-0.184875467,,,
11/14/2022,318,-0.749920949,0.03644452,-0.67848969,-0.821352209,-0.314098979,0.050506331,-0.21510657,-0.413091389,0.593354076,0.038165475,0.668158407,0.518549744,-0.13242403,0.031830886,-0.070035493,-0.194812567,,,
11/15/2022,319,-0.772876049,0.034831058,-0.704607176,-0.841144923,-0.293944042,0.047726819,-0.200399478,-0.387488607,0.598111666,0.036134608,0.668935497,0.527287834,-0.122760219,0.029895945,-0.064164167,-0.181356271,,,
11/16/2022,320,-0.76859474,0.033424158,-0.70308339,-0.83410609,-0.326232157,0.045929929,-0.236209496,-0.416254818,0.591404318,0.034168995,0.658375548,0.524433088,-0.1216847,0.028460494,-0.065902132,-0.177467268,,,
11/17/2022,321,-0.76801099,0.033407713,-0.702531873,-0.833490107,-0.326637107,0.045934427,-0.23660563,-0.416668584,0.590550988,0.034146154,0.657477449,0.523624526,-0.121074001,0.028459322,-0.06529373,-0.176854271,,,
11/18/2022,322,-0.772860397,0.033596183,-0.707011879,-0.838708915,-0.315459515,0.046082765,-0.225137295,-0.405781734,0.584407335,0.034270222,0.651576971,0.517237699,-0.118212454,0.028501508,-0.062349499,-0.174075409,,,
11/19/2022,323,-0.715173376,0.031171442,-0.65407735,-0.776269403,-0.330586446,0.043885199,-0.244571455,-0.416601436,0.614428448,0.032635276,0.67839359,0.550463306,-0.119370681,0.027115621,-0.066224065,-0.172517297,,,
11/20/2022,324,-0.705294614,0.030141354,-0.64621756,-0.764371667,-0.380510354,0.042500037,-0.297210282,-0.463810426,0.649289219,0.031770543,0.711559484,0.587018954,-0.138042524,0.026449061,-0.086202364,-0.189882684,,,
11/21/2022,325,-0.718627498,0.029167771,-0.661458667,-0.77579633,-0.386037905,0.04098307,-0.305711088,-0.466364722,0.664833195,0.030724182,0.725052591,0.604613799,-0.140161451,0.026006036,-0.089189621,-0.191133281,,,
11/22/2022,326,-0.722196312,0.028452895,-0.666428638,-0.777963986,-0.328173387,0.039723117,-0.250316079,-0.406030696,0.633542001,0.029610225,0.691578043,0.575505959,-0.13321465,0.025571634,-0.083094247,-0.183335053,,,
11/23/2022,327,-0.720601604,0.028254535,-0.665222715,-0.775980492,-0.364805329,0.039495333,-0.287394477,-0.442216181,0.634597355,0.029499076,0.692415544,0.576779167,-0.129037634,0.025049782,-0.079940062,-0.178135206,,,
11/24/2022,328,-0.719328019,0.02829525,-0.663869328,-0.774786709,-0.357936314,0.039561509,-0.280395757,-0.435476871,0.623177506,0.029476321,0.680951095,0.565403917,-0.134091873,0.025071418,-0.084951895,-0.183231852,,,
11/25/2022,329,-0.724622476,0.028786784,-0.668200379,-0.781044572,-0.365854149,0.040159915,-0.287140716,-0.444567582,0.624063455,0.029766564,0.682405921,0.565720989,-0.134041064,0.025457282,-0.084144791,-0.183937337,,,
11/26/2022,330,-0.713060448,0.027747384,-0.658675576,-0.767445321,-0.366723319,0.038867591,-0.29054284,-0.442903798,0.608459786,0.028631655,0.66457783,0.552341742,-0.135723761,0.024937995,-0.08684529,-0.184602232,,,
11/27/2022,331,-0.702267816,0.026727858,-0.649881214,-0.754654418,-0.343291437,0.03755902,-0.269675757,-0.416907117,0.584779543,0.027595928,0.638867563,0.530691524,-0.144885116,0.024254826,-0.097345658,-0.192424575,,,
11/28/2022,332,-0.700913164,0.026612617,-0.648752434,-0.753073893,-0.368685101,0.037426853,-0.295328469,-0.442041732,0.595997265,0.027340601,0.649584843,0.542409687,-0.150653908,0.024229292,-0.103164496,-0.19814332,,,
11/29/2022,333,-0.686155256,0.026176267,-0.634849773,-0.737460739,-0.362583368,0.036944487,-0.290172174,-0.434994562,0.584687655,0.026746993,0.637111761,0.532263549,-0.15681698,0.024160439,-0.109462521,-0.20417144,,,
11/30/2022,334,-0.68552711,0.02617054,-0.634232851,-0.736821368,-0.360269184,0.036991255,-0.287766325,-0.432772043,0.600475115,0.026888339,0.653176259,0.547773971,-0.15834612,0.024233231,-0.110848988,-0.205843253,,,
12/1/2022,335,-0.688459635,0.02652217,-0.636476182,-0.740443088,-0.384672474,0.037507603,-0.311157572,-0.458187375,0.606323698,0.027192443,0.659620887,0.55302651,-0.157155702,0.024470263,-0.109193988,-0.205117417,,,
12/2/2022,336,-0.694185634,0.026991504,-0.641282287,-0.747088981,-0.360634528,0.037987553,-0.286178923,-0.435090132,0.593472872,0.027467954,0.647310062,0.539635682,-0.161255862,0.025451541,-0.111370842,-0.211140883,,,
12/3/2022,337,-0.668372218,0.025672641,-0.618053841,-0.718690595,-0.394203817,0.036436994,-0.322787308,-0.465620325,0.586653179,0.026221134,0.638046602,0.535259755,-0.149062812,0.024265735,-0.101501971,-0.196623654,,,
12/4/2022,338,-0.678274428,0.025344021,-0.628600148,-0.727948708,-0.367968722,0.035557955,-0.29827513,-0.437662314,0.592487192,0.02574317,0.642943805,0.542030579,-0.151606152,0.023921709,-0.104719602,-0.198492703,,,
12/5/2022,339,-0.682617784,0.026199846,-0.631266085,-0.733969483,-0.386598953,0.036541717,-0.314977188,-0.458220718,0.609555193,0.02674625,0.661977843,0.557132544,-0.156990204,0.024381317,-0.109202822,-0.204777586,,,
12/6/2022,340,-0.672363785,0.02698251,-0.619478066,-0.725249503,-0.388359712,0.037677502,-0.314511807,-0.462207616,0.592224687,0.027417262,0.645962521,0.538486853,-0.157541072,0.024781289,-0.108969746,-0.206112397,,,
12/7/2022,341,-0.672363785,0.02698251,-0.619478066,-0.725249503,-0.388359712,0.037677502,-0.314511807,-0.462207616,0.592224687,0.027417262,0.645962521,0.538486853,-0.157541072,0.024781289,-0.108969746,-0.206112397,,,
12/8/2022,342,-0.672363785,0.02698251,-0.619478066,-0.725249503,-0.388359712,0.037677502,-0.314511807,-0.462207616,0.592224687,0.027417262,0.645962521,0.538486853,-0.157541072,0.024781289,-0.108969746,-0.206112397,,,
12/9/2022,343,-0.672363785,0.02698251,-0.619478066,-0.725249503,-0.388359712,0.037677502,-0.314511807,-0.462207616,0.592224687,0.027417262,0.645962521,0.538486853,-0.157541072,0.024781289,-0.108969746,-0.206112397,,,
12/10/2022,344,-0.670115865,0.027085188,-0.617028898,-0.723202833,-0.38429246,0.037891651,-0.310024825,-0.458560096,0.590206155,0.027465141,0.644037831,0.53637448,-0.146989755,0.025106471,-0.097781071,-0.196198439,,,
12/11/2022,345,-0.675205488,0.026854865,-0.622569953,-0.727841023,-0.354289295,0.037400539,-0.280984239,-0.427594352,0.577725181,0.027186735,0.631011182,0.524439179,-0.145695536,0.024855223,-0.096979299,-0.194411773,,,
12/12/2022,346,-0.690663389,0.0276718,-0.636426662,-0.744900117,-0.371002329,0.038237492,-0.296056844,-0.445947814,0.591340548,0.027810853,0.645849819,0.536831277,-0.135631016,0.024930575,-0.086767089,-0.184494943,,,
12/13/2022,347,-0.675399132,0.027969055,-0.620579784,-0.730218479,-0.393449899,0.038879142,-0.317246781,-0.469653017,0.64250982,0.0284713,0.698313568,0.586706072,-0.13529431,0.025191586,-0.085918801,-0.184669819,,,
12/14/2022,348,-0.664764033,0.027503735,-0.610856712,-0.718671355,-0.401586693,0.038402056,-0.326318662,-0.476854723,0.623538113,0.027934675,0.678290076,0.56878615,-0.140156734,0.025087139,-0.09098594,-0.189327527,,,
12/15/2022,349,-0.649772784,0.02853999,-0.593834402,-0.705711165,-0.42337146,0.040087008,-0.344800924,-0.501941995,0.623803932,0.029035119,0.680712764,0.566895099,-0.145212922,0.026364949,-0.093537621,-0.196888223,,,
12/16/2022,350,-0.644985865,0.02938989,-0.58738168,-0.702590049,-0.409455596,0.041279927,-0.32854694,-0.490364253,0.631209109,0.030240891,0.690481256,0.571936963,-0.147051373,0.027580302,-0.092993982,-0.201108765,,,
12/17/2022,351,-0.653849451,0.029254883,-0.59650988,-0.711189022,-0.399510066,0.040973627,-0.319201757,-0.479818375,0.618540229,0.030001921,0.677343994,0.559736465,-0.14346973,0.02739808,-0.089769493,-0.197169968,,,
12/18/2022,352,-0.65952261,0.028929576,-0.60282064,-0.71622458,-0.392198575,0.040378234,-0.313057236,-0.471339913,0.611164462,0.029600568,0.669181575,0.553147348,-0.148837845,0.026698036,-0.096509694,-0.201165996,,,
12/19/2022,353,-0.686819631,0.029883138,-0.628248681,-0.745390582,-0.398535661,0.041225164,-0.317734339,-0.479336982,0.574003792,0.029827238,0.632465179,0.515542406,-0.164764582,0.02778106,-0.110313705,-0.21921546,,,
12/20/2022,354,-0.700814061,0.03060442,-0.640829397,-0.760798725,-0.363536382,0.041949227,-0.281315898,-0.445756866,0.551500438,0.030142927,0.610580575,0.4924203,-0.149009579,0.02802294,-0.094084616,-0.203934541,,,
12/21/2022,355,-0.693517823,0.03117926,-0.632406473,-0.754629174,-0.308682608,0.042708297,-0.224974346,-0.39239087,0.506193948,0.030423812,0.565824619,0.446563277,-0.144726733,0.02828203,-0.089293954,-0.200159513,,,
12/22/2022,356,-0.688358021,0.031916806,-0.625801082,-0.750914961,-0.36561381,0.044006029,-0.279361994,-0.451865627,0.528118156,0.031325926,0.589516972,0.466719341,-0.1514041,0.028798547,-0.094958947,-0.207849253,,,
12/23/2022,357,-0.687397435,0.032387706,-0.62391753,-0.750877339,-0.333031137,0.044636837,-0.245542937,-0.420519338,0.514993971,0.031610189,0.576949942,0.453037999,-0.160609381,0.029855761,-0.102092089,-0.219126672,,,
12/24/2022,358,-0.688150279,0.031905454,-0.625615589,-0.75068497,-0.335894939,0.04394873,-0.249755427,-0.42203445,0.50812745,0.030996095,0.568879795,0.447375105,-0.165521518,0.029625363,-0.107455805,-0.22358723,,,
12/25/2022,359,-0.696323428,0.031216334,-0.635139413,-0.757507443,-0.345769167,0.042860282,-0.261763014,-0.42977532,0.514976439,0.03026002,0.574286078,0.4556668,-0.162812762,0.02885566,-0.106255669,-0.219369854,,,
12/26/2022,360,-0.709639357,0.031958996,-0.646999724,-0.772278989,-0.320573406,0.043615108,-0.235087794,-0.406059018,0.547552489,0.031070782,0.608451221,0.486653756,-0.169201268,0.029078778,-0.112206863,-0.226195673,,,
12/27/2022,361,-0.743241454,0.032707897,-0.679133975,-0.807348933,-0.354189707,0.044079073,-0.267794725,-0.44058469,0.562708676,0.031304986,0.62406645,0.501350903,-0.139565964,0.028745678,-0.083224435,-0.195907493,,,
12/28/2022,362,-0.770826389,0.033700895,-0.704772634,-0.836880143,-0.292115273,0.044632529,-0.204635517,-0.379595029,0.56300657,0.031791287,0.625317493,0.500695647,-0.125184754,0.029700005,-0.066972745,-0.183396762,,,
12/29/2022,363,-0.785221946,0.034881213,-0.716854769,-0.853589122,-0.248687246,0.045957926,-0.158609711,-0.33876478,0.543903166,0.032864975,0.608318517,0.479487815,-0.118209031,0.030719588,-0.057998639,-0.178419423,,,
12/30/2022,364,-0.820963777,0.035654297,-0.751081355,-0.890846199,-0.290854589,0.046395645,-0.199919125,-0.381790053,0.52556093,0.032829559,0.589906866,0.461214994,-0.110587557,0.030802922,-0.050213831,-0.170961283,,,
12/31/2022,365,-0.818745469,0.03474776,-0.75063986,-0.886851079,-0.304244868,0.04525635,-0.215542422,-0.392947313,0.532630599,0.032059407,0.595467038,0.469794161,-0.115462432,0.029912906,-0.056833136,-0.174091729,,,
